..............FFFFFFFFFFFFFFFFFFFFFFFFFFFF

Failures:

  1) Comments コメントのCRUD 正常系 コメントの編集ができる
     Failure/Error: comment_item.find('[data-controller="dropdown"] button').click

     Capybara::ElementNotFound:
       Unable to find visible css "[data-controller=\"dropdown\"] button" within #<Capybara::Node::Element tag="li" path="/HTML/BODY[1]/MAIN[1]/DIV[2]/DIV[1]/DIV[1]/OL[1]/LI[1]">

     [Screenshot Image]: /myapp/tmp/capybara/failures_r_spec_example_groups_comments_crud_nested_-_376.png 


     # /usr/local/bundle/gems/capybara-3.40.0/lib/capybara/node/finders.rb:312:in 'block in Capybara::Node::Finders#synced_resolve'
     # /usr/local/bundle/gems/capybara-3.40.0/lib/capybara/node/base.rb:84:in 'Capybara::Node::Base#synchronize'
     # /usr/local/bundle/gems/capybara-3.40.0/lib/capybara/node/finders.rb:301:in 'Capybara::Node::Finders#synced_resolve'
     # /usr/local/bundle/gems/capybara-3.40.0/lib/capybara/node/finders.rb:60:in 'Capybara::Node::Finders#find'
     # ./spec/system/comments_spec.rb:26:in 'block (4 levels) in <top (required)>'

  2) Comments コメントのCRUD 正常系 コメントの編集をキャンセルできる
     Failure/Error: comment_item.find('[data-controller="dropdown"] button').click

     Capybara::ElementNotFound:
       Unable to find visible css "[data-controller=\"dropdown\"] button" within #<Capybara::Node::Element tag="li" path="/HTML/BODY[1]/MAIN[1]/DIV[2]/DIV[1]/DIV[1]/OL[1]/LI[1]">

     [Screenshot Image]: /myapp/tmp/capybara/failures_r_spec_example_groups_comments_crud_nested_-_841.png 


     # /usr/local/bundle/gems/capybara-3.40.0/lib/capybara/node/finders.rb:312:in 'block in Capybara::Node::Finders#synced_resolve'
     # /usr/local/bundle/gems/capybara-3.40.0/lib/capybara/node/base.rb:84:in 'Capybara::Node::Base#synchronize'
     # /usr/local/bundle/gems/capybara-3.40.0/lib/capybara/node/finders.rb:301:in 'Capybara::Node::Finders#synced_resolve'
     # /usr/local/bundle/gems/capybara-3.40.0/lib/capybara/node/finders.rb:60:in 'Capybara::Node::Finders#find'
     # ./spec/system/comments_spec.rb:39:in 'block (4 levels) in <top (required)>'

  3) Comments コメントのCRUD 正常系 コメントの削除できる
     Got 0 failures and 4 other errors:

     3.1) Failure/Error: comment_item.find('[data-controller="dropdown"] button').click

          Capybara::ElementNotFound:
            Unable to find visible css "[data-controller=\"dropdown\"] button" within #<Capybara::Node::Element tag="li" path="/HTML/BODY[1]/MAIN[1]/DIV[2]/DIV[1]/DIV[1]/OL[1]/LI[1]">
          # /usr/local/bundle/gems/capybara-3.40.0/lib/capybara/node/finders.rb:312:in 'block in Capybara::Node::Finders#synced_resolve'
          # /usr/local/bundle/gems/capybara-3.40.0/lib/capybara/node/base.rb:84:in 'Capybara::Node::Base#synchronize'
          # /usr/local/bundle/gems/capybara-3.40.0/lib/capybara/node/finders.rb:301:in 'Capybara::Node::Finders#synced_resolve'
          # /usr/local/bundle/gems/capybara-3.40.0/lib/capybara/node/finders.rb:60:in 'Capybara::Node::Finders#find'
          # ./spec/system/comments_spec.rb:53:in 'block (4 levels) in <top (required)>'

     3.2) Failure/Error: raise ex, cause: cause

          Selenium::WebDriver::Error::WebDriverError:
            disconnected: unable to send message to renderer
              (failed to check if window was closed: disconnected: not connected to DevTools)
              (Session info: chrome-headless-shell=124.0.6367.78)
          # /usr/local/bundle/gems/selenium-webdriver-4.40.0/lib/selenium/webdriver/remote/response.rb:63:in 'Selenium::WebDriver::Remote::Response#add_cause'
          # /usr/local/bundle/gems/selenium-webdriver-4.40.0/lib/selenium/webdriver/remote/response.rb:41:in 'Selenium::WebDriver::Remote::Response#error'
          # /usr/local/bundle/gems/selenium-webdriver-4.40.0/lib/selenium/webdriver/remote/response.rb:52:in 'Selenium::WebDriver::Remote::Response#assert_ok'
          # /usr/local/bundle/gems/selenium-webdriver-4.40.0/lib/selenium/webdriver/remote/response.rb:34:in 'Selenium::WebDriver::Remote::Response#initialize'
          # /usr/local/bundle/gems/selenium-webdriver-4.40.0/lib/selenium/webdriver/remote/http/common.rb:135:in 'Class#new'
          # /usr/local/bundle/gems/selenium-webdriver-4.40.0/lib/selenium/webdriver/remote/http/common.rb:135:in 'Selenium::WebDriver::Remote::Http::Common#create_response'
          # /usr/local/bundle/gems/selenium-webdriver-4.40.0/lib/selenium/webdriver/remote/http/default.rb:103:in 'Selenium::WebDriver::Remote::Http::Default#request'
          # /usr/local/bundle/gems/selenium-webdriver-4.40.0/lib/selenium/webdriver/remote/http/common.rb:70:in 'Selenium::WebDriver::Remote::Http::Common#call'
          # /usr/local/bundle/gems/selenium-webdriver-4.40.0/lib/selenium/webdriver/remote/bridge.rb:633:in 'Selenium::WebDriver::Remote::Bridge#execute'
          # /usr/local/bundle/gems/selenium-webdriver-4.40.0/lib/selenium/webdriver/remote/bridge.rb:300:in 'Selenium::WebDriver::Remote::Bridge#screenshot'
          # /usr/local/bundle/gems/selenium-webdriver-4.40.0/lib/selenium/webdriver/common/driver.rb:330:in 'Selenium::WebDriver::Driver#screenshot'
          # /usr/local/bundle/gems/selenium-webdriver-4.40.0/lib/selenium/webdriver/common/takes_screenshot.rb:59:in 'Selenium::WebDriver::TakesScreenshot#screenshot_as'
          # /usr/local/bundle/gems/selenium-webdriver-4.40.0/lib/selenium/webdriver/common/takes_screenshot.rb:61:in 'Selenium::WebDriver::TakesScreenshot#screenshot_as'
          # /usr/local/bundle/gems/selenium-webdriver-4.40.0/lib/selenium/webdriver/common/takes_screenshot.rb:40:in 'block in Selenium::WebDriver::TakesScreenshot#save_screenshot'
          # /usr/local/bundle/gems/selenium-webdriver-4.40.0/lib/selenium/webdriver/common/takes_screenshot.rb:40:in 'IO.open'
          # /usr/local/bundle/gems/selenium-webdriver-4.40.0/lib/selenium/webdriver/common/takes_screenshot.rb:40:in 'Selenium::WebDriver::TakesScreenshot#save_screenshot'
          # /usr/local/bundle/gems/capybara-3.40.0/lib/capybara/selenium/driver.rb:152:in 'Capybara::Selenium::Driver#save_screenshot'
          # /usr/local/bundle/gems/capybara-3.40.0/lib/capybara/session.rb:748:in 'block in Capybara::Session#save_screenshot'
          # /usr/local/bundle/gems/capybara-3.40.0/lib/capybara/session.rb:748:in 'Capybara::Session#save_screenshot'
          # ------------------
          # --- Caused by: ---
          # Selenium::WebDriver::Error::WebDriverError:
          #   #0 0x555d54671ca7 <unknown>
#1 0x555d54348c9c <unknown>
#2 0x555d543340e1 <unknown>
#3 0x555d5433408d <unknown>
#4 0x555d54332d7e <unknown>
#5 0x555d5433346d <unknown>
#6 0x555d543541b9 <unknown>
#7 0x555d543d8ce7 <unknown>
#8 0x555d543aff86 <unknown>
#9 0x555d543ccf16 <unknown>
#10 0x555d543afce7 <unknown>
#11 0x555d543826b1 <unknown>
#12 0x555d543834c6 <unknown>
#13 0x555d5463f55a <unknown>
#14 0x555d546428ea <unknown>
#15 0x555d54642393 <unknown>
#16 0x555d54642d79 <unknown>
#17 0x555d5462fb2f <unknown>
#18 0x555d54643134 <unknown>
#19 0x555d546185aa <unknown>
#20 0x555d54662459 <unknown>
#21 0x555d54662646 <unknown>
#22 0x555d54671193 <unknown>
#23 0x7f96286a8134 <unknown>


     3.3) Failure/Error: raise ex, cause: cause

          Selenium::WebDriver::Error::WebDriverError:
            disconnected: not connected to DevTools
              (failed to check if window was closed: disconnected: not connected to DevTools)
              (Session info: chrome-headless-shell=124.0.6367.78)
          # /usr/local/bundle/gems/selenium-webdriver-4.40.0/lib/selenium/webdriver/remote/response.rb:63:in 'Selenium::WebDriver::Remote::Response#add_cause'
          # /usr/local/bundle/gems/selenium-webdriver-4.40.0/lib/selenium/webdriver/remote/response.rb:41:in 'Selenium::WebDriver::Remote::Response#error'
          # /usr/local/bundle/gems/selenium-webdriver-4.40.0/lib/selenium/webdriver/remote/response.rb:52:in 'Selenium::WebDriver::Remote::Response#assert_ok'
          # /usr/local/bundle/gems/selenium-webdriver-4.40.0/lib/selenium/webdriver/remote/response.rb:34:in 'Selenium::WebDriver::Remote::Response#initialize'
          # /usr/local/bundle/gems/selenium-webdriver-4.40.0/lib/selenium/webdriver/remote/http/common.rb:135:in 'Class#new'
          # /usr/local/bundle/gems/selenium-webdriver-4.40.0/lib/selenium/webdriver/remote/http/common.rb:135:in 'Selenium::WebDriver::Remote::Http::Common#create_response'
          # /usr/local/bundle/gems/selenium-webdriver-4.40.0/lib/selenium/webdriver/remote/http/default.rb:103:in 'Selenium::WebDriver::Remote::Http::Default#request'
          # /usr/local/bundle/gems/selenium-webdriver-4.40.0/lib/selenium/webdriver/remote/http/common.rb:70:in 'Selenium::WebDriver::Remote::Http::Common#call'
          # /usr/local/bundle/gems/selenium-webdriver-4.40.0/lib/selenium/webdriver/remote/bridge.rb:633:in 'Selenium::WebDriver::Remote::Bridge#execute'
          # /usr/local/bundle/gems/selenium-webdriver-4.40.0/lib/selenium/webdriver/remote/bridge.rb:348:in 'Selenium::WebDriver::Remote::Bridge#delete_all_cookies'
          # /usr/local/bundle/gems/selenium-webdriver-4.40.0/lib/selenium/webdriver/common/manager.rb:92:in 'Selenium::WebDriver::Manager#delete_all_cookies'
          # /usr/local/bundle/gems/capybara-3.40.0/lib/capybara/selenium/driver.rb:345:in 'Capybara::Selenium::Driver#delete_all_cookies'
          # /usr/local/bundle/gems/capybara-3.40.0/lib/capybara/selenium/driver.rb:328:in 'Capybara::Selenium::Driver#clear_browser_state'
          # /usr/local/bundle/gems/capybara-3.40.0/lib/capybara/selenium/driver.rb:485:in 'Capybara::Selenium::Driver#reset_browser_state'
          # /usr/local/bundle/gems/capybara-3.40.0/lib/capybara/selenium/driver.rb:164:in 'Capybara::Selenium::Driver#reset!'
          # /usr/local/bundle/gems/capybara-3.40.0/lib/capybara/session.rb:132:in 'Capybara::Session#reset!'
          # /usr/local/bundle/gems/capybara-3.40.0/lib/capybara.rb:327:in 'block in Capybara.reset_sessions!'
          # /usr/local/bundle/gems/capybara-3.40.0/lib/capybara.rb:327:in 'Enumerable#reverse_each'
          # /usr/local/bundle/gems/capybara-3.40.0/lib/capybara.rb:327:in 'Capybara.reset_sessions!'
          # /usr/local/bundle/gems/capybara-3.40.0/lib/capybara/rspec.rb:20:in 'block (2 levels) in <top (required)>'
          # ------------------
          # --- Caused by: ---
          # Selenium::WebDriver::Error::WebDriverError:
          #   #0 0x555d54671ca7 <unknown>
#1 0x555d54348c9c <unknown>
#2 0x555d54333ba9 <unknown>
#3 0x555d543338a9 <unknown>
#4 0x555d5434b9aa <unknown>
#5 0x555d543cca18 <unknown>
#6 0x555d543afce7 <unknown>
#7 0x555d543826b1 <unknown>
#8 0x555d543834c6 <unknown>
#9 0x555d5463f55a <unknown>
#10 0x555d546428ea <unknown>
#11 0x555d54642393 <unknown>
#12 0x555d54642d79 <unknown>
#13 0x555d5462fb2f <unknown>
#14 0x555d54643134 <unknown>
#15 0x555d546185aa <unknown>
#16 0x555d54662459 <unknown>
#17 0x555d54662646 <unknown>
#18 0x555d54671193 <unknown>
#19 0x7f96286a8134 <unknown>


     3.4) Failure/Error: raise ex, cause: cause

          Selenium::WebDriver::Error::WebDriverError:
            disconnected: not connected to DevTools
              (failed to check if window was closed: disconnected: not connected to DevTools)
              (Session info: chrome-headless-shell=124.0.6367.78)
          # /usr/local/bundle/gems/selenium-webdriver-4.40.0/lib/selenium/webdriver/remote/response.rb:63:in 'Selenium::WebDriver::Remote::Response#add_cause'
          # /usr/local/bundle/gems/selenium-webdriver-4.40.0/lib/selenium/webdriver/remote/response.rb:41:in 'Selenium::WebDriver::Remote::Response#error'
          # /usr/local/bundle/gems/selenium-webdriver-4.40.0/lib/selenium/webdriver/remote/response.rb:52:in 'Selenium::WebDriver::Remote::Response#assert_ok'
          # /usr/local/bundle/gems/selenium-webdriver-4.40.0/lib/selenium/webdriver/remote/response.rb:34:in 'Selenium::WebDriver::Remote::Response#initialize'
          # /usr/local/bundle/gems/selenium-webdriver-4.40.0/lib/selenium/webdriver/remote/http/common.rb:135:in 'Class#new'
          # /usr/local/bundle/gems/selenium-webdriver-4.40.0/lib/selenium/webdriver/remote/http/common.rb:135:in 'Selenium::WebDriver::Remote::Http::Common#create_response'
          # /usr/local/bundle/gems/selenium-webdriver-4.40.0/lib/selenium/webdriver/remote/http/default.rb:103:in 'Selenium::WebDriver::Remote::Http::Default#request'
          # /usr/local/bundle/gems/selenium-webdriver-4.40.0/lib/selenium/webdriver/remote/http/common.rb:70:in 'Selenium::WebDriver::Remote::Http::Common#call'
          # /usr/local/bundle/gems/selenium-webdriver-4.40.0/lib/selenium/webdriver/remote/bridge.rb:633:in 'Selenium::WebDriver::Remote::Bridge#execute'
          # /usr/local/bundle/gems/selenium-webdriver-4.40.0/lib/selenium/webdriver/remote/bridge.rb:348:in 'Selenium::WebDriver::Remote::Bridge#delete_all_cookies'
          # /usr/local/bundle/gems/selenium-webdriver-4.40.0/lib/selenium/webdriver/common/manager.rb:92:in 'Selenium::WebDriver::Manager#delete_all_cookies'
          # /usr/local/bundle/gems/capybara-3.40.0/lib/capybara/selenium/driver.rb:345:in 'Capybara::Selenium::Driver#delete_all_cookies'
          # /usr/local/bundle/gems/capybara-3.40.0/lib/capybara/selenium/driver.rb:328:in 'Capybara::Selenium::Driver#clear_browser_state'
          # /usr/local/bundle/gems/capybara-3.40.0/lib/capybara/selenium/driver.rb:485:in 'Capybara::Selenium::Driver#reset_browser_state'
          # /usr/local/bundle/gems/capybara-3.40.0/lib/capybara/selenium/driver.rb:164:in 'Capybara::Selenium::Driver#reset!'
          # /usr/local/bundle/gems/capybara-3.40.0/lib/capybara/session.rb:132:in 'Capybara::Session#reset!'
          # /usr/local/bundle/gems/capybara-3.40.0/lib/capybara.rb:327:in 'block in Capybara.reset_sessions!'
          # /usr/local/bundle/gems/capybara-3.40.0/lib/capybara.rb:327:in 'Enumerable#reverse_each'
          # /usr/local/bundle/gems/capybara-3.40.0/lib/capybara.rb:327:in 'Capybara.reset_sessions!'
          # ------------------
          # --- Caused by: ---
          # Selenium::WebDriver::Error::WebDriverError:
          #   #0 0x555d54671ca7 <unknown>
#1 0x555d54348c9c <unknown>
#2 0x555d54333ba9 <unknown>
#3 0x555d543338a9 <unknown>
#4 0x555d5434b9aa <unknown>
#5 0x555d543cca18 <unknown>
#6 0x555d543afce7 <unknown>
#7 0x555d543826b1 <unknown>
#8 0x555d543834c6 <unknown>
#9 0x555d5463f55a <unknown>
#10 0x555d546428ea <unknown>
#11 0x555d54642393 <unknown>
#12 0x555d54642d79 <unknown>
#13 0x555d5462fb2f <unknown>
#14 0x555d54643134 <unknown>
#15 0x555d546185aa <unknown>
#16 0x555d54662459 <unknown>
#17 0x555d54662646 <unknown>
#18 0x555d54671193 <unknown>
#19 0x7f96286a8134 <unknown>


  4) Comments コメントのCRUD 正常系 自分が追加したコメントには歯車アイコンが表示される
     Got 0 failures and 3 other errors:

     4.1) Failure/Error: comment_item.hover

          NotImplementedError:
            NotImplementedError
          # /usr/local/bundle/gems/capybara-3.40.0/lib/capybara/driver/node.rb:65:in 'Capybara::Driver::Node#hover'
          # /usr/local/bundle/gems/capybara-3.40.0/lib/capybara/node/element.rb:285:in 'block in Capybara::Node::Element#hover'
          # /usr/local/bundle/gems/capybara-3.40.0/lib/capybara/node/base.rb:84:in 'Capybara::Node::Base#synchronize'
          # /usr/local/bundle/gems/capybara-3.40.0/lib/capybara/node/element.rb:285:in 'Capybara::Node::Element#hover'
          # ./spec/system/comments_spec.rb:67:in 'block (4 levels) in <top (required)>'

     4.2) Failure/Error: raise ex, cause: cause

          Selenium::WebDriver::Error::WebDriverError:
            disconnected: not connected to DevTools
              (failed to check if window was closed: disconnected: not connected to DevTools)
              (Session info: chrome-headless-shell=124.0.6367.78)
          # /usr/local/bundle/gems/selenium-webdriver-4.40.0/lib/selenium/webdriver/remote/response.rb:63:in 'Selenium::WebDriver::Remote::Response#add_cause'
          # /usr/local/bundle/gems/selenium-webdriver-4.40.0/lib/selenium/webdriver/remote/response.rb:41:in 'Selenium::WebDriver::Remote::Response#error'
          # /usr/local/bundle/gems/selenium-webdriver-4.40.0/lib/selenium/webdriver/remote/response.rb:52:in 'Selenium::WebDriver::Remote::Response#assert_ok'
          # /usr/local/bundle/gems/selenium-webdriver-4.40.0/lib/selenium/webdriver/remote/response.rb:34:in 'Selenium::WebDriver::Remote::Response#initialize'
          # /usr/local/bundle/gems/selenium-webdriver-4.40.0/lib/selenium/webdriver/remote/http/common.rb:135:in 'Class#new'
          # /usr/local/bundle/gems/selenium-webdriver-4.40.0/lib/selenium/webdriver/remote/http/common.rb:135:in 'Selenium::WebDriver::Remote::Http::Common#create_response'
          # /usr/local/bundle/gems/selenium-webdriver-4.40.0/lib/selenium/webdriver/remote/http/default.rb:103:in 'Selenium::WebDriver::Remote::Http::Default#request'
          # /usr/local/bundle/gems/selenium-webdriver-4.40.0/lib/selenium/webdriver/remote/http/common.rb:70:in 'Selenium::WebDriver::Remote::Http::Common#call'
          # /usr/local/bundle/gems/selenium-webdriver-4.40.0/lib/selenium/webdriver/remote/bridge.rb:633:in 'Selenium::WebDriver::Remote::Bridge#execute'
          # /usr/local/bundle/gems/selenium-webdriver-4.40.0/lib/selenium/webdriver/remote/bridge.rb:348:in 'Selenium::WebDriver::Remote::Bridge#delete_all_cookies'
          # /usr/local/bundle/gems/selenium-webdriver-4.40.0/lib/selenium/webdriver/common/manager.rb:92:in 'Selenium::WebDriver::Manager#delete_all_cookies'
          # /usr/local/bundle/gems/capybara-3.40.0/lib/capybara/selenium/driver.rb:345:in 'Capybara::Selenium::Driver#delete_all_cookies'
          # /usr/local/bundle/gems/capybara-3.40.0/lib/capybara/selenium/driver.rb:328:in 'Capybara::Selenium::Driver#clear_browser_state'
          # /usr/local/bundle/gems/capybara-3.40.0/lib/capybara/selenium/driver.rb:485:in 'Capybara::Selenium::Driver#reset_browser_state'
          # /usr/local/bundle/gems/capybara-3.40.0/lib/capybara/selenium/driver.rb:164:in 'Capybara::Selenium::Driver#reset!'
          # /usr/local/bundle/gems/capybara-3.40.0/lib/capybara/session.rb:132:in 'Capybara::Session#reset!'
          # /usr/local/bundle/gems/capybara-3.40.0/lib/capybara.rb:327:in 'block in Capybara.reset_sessions!'
          # /usr/local/bundle/gems/capybara-3.40.0/lib/capybara.rb:327:in 'Enumerable#reverse_each'
          # /usr/local/bundle/gems/capybara-3.40.0/lib/capybara.rb:327:in 'Capybara.reset_sessions!'
          # /usr/local/bundle/gems/capybara-3.40.0/lib/capybara/rspec.rb:20:in 'block (2 levels) in <top (required)>'
          # ------------------
          # --- Caused by: ---
          # Selenium::WebDriver::Error::WebDriverError:
          #   #0 0x555d54671ca7 <unknown>
#1 0x555d54348c9c <unknown>
#2 0x555d54333ba9 <unknown>
#3 0x555d543338a9 <unknown>
#4 0x555d5434b9aa <unknown>
#5 0x555d543cca18 <unknown>
#6 0x555d543afce7 <unknown>
#7 0x555d543826b1 <unknown>
#8 0x555d543834c6 <unknown>
#9 0x555d5463f55a <unknown>
#10 0x555d546428ea <unknown>
#11 0x555d54642393 <unknown>
#12 0x555d54642d79 <unknown>
#13 0x555d5462fb2f <unknown>
#14 0x555d54643134 <unknown>
#15 0x555d546185aa <unknown>
#16 0x555d54662459 <unknown>
#17 0x555d54662646 <unknown>
#18 0x555d54671193 <unknown>
#19 0x7f96286a8134 <unknown>


     4.3) Failure/Error: raise ex, cause: cause

          Selenium::WebDriver::Error::WebDriverError:
            disconnected: not connected to DevTools
              (failed to check if window was closed: disconnected: not connected to DevTools)
              (Session info: chrome-headless-shell=124.0.6367.78)
          # /usr/local/bundle/gems/selenium-webdriver-4.40.0/lib/selenium/webdriver/remote/response.rb:63:in 'Selenium::WebDriver::Remote::Response#add_cause'
          # /usr/local/bundle/gems/selenium-webdriver-4.40.0/lib/selenium/webdriver/remote/response.rb:41:in 'Selenium::WebDriver::Remote::Response#error'
          # /usr/local/bundle/gems/selenium-webdriver-4.40.0/lib/selenium/webdriver/remote/response.rb:52:in 'Selenium::WebDriver::Remote::Response#assert_ok'
          # /usr/local/bundle/gems/selenium-webdriver-4.40.0/lib/selenium/webdriver/remote/response.rb:34:in 'Selenium::WebDriver::Remote::Response#initialize'
          # /usr/local/bundle/gems/selenium-webdriver-4.40.0/lib/selenium/webdriver/remote/http/common.rb:135:in 'Class#new'
          # /usr/local/bundle/gems/selenium-webdriver-4.40.0/lib/selenium/webdriver/remote/http/common.rb:135:in 'Selenium::WebDriver::Remote::Http::Common#create_response'
          # /usr/local/bundle/gems/selenium-webdriver-4.40.0/lib/selenium/webdriver/remote/http/default.rb:103:in 'Selenium::WebDriver::Remote::Http::Default#request'
          # /usr/local/bundle/gems/selenium-webdriver-4.40.0/lib/selenium/webdriver/remote/http/common.rb:70:in 'Selenium::WebDriver::Remote::Http::Common#call'
          # /usr/local/bundle/gems/selenium-webdriver-4.40.0/lib/selenium/webdriver/remote/bridge.rb:633:in 'Selenium::WebDriver::Remote::Bridge#execute'
          # /usr/local/bundle/gems/selenium-webdriver-4.40.0/lib/selenium/webdriver/remote/bridge.rb:348:in 'Selenium::WebDriver::Remote::Bridge#delete_all_cookies'
          # /usr/local/bundle/gems/selenium-webdriver-4.40.0/lib/selenium/webdriver/common/manager.rb:92:in 'Selenium::WebDriver::Manager#delete_all_cookies'
          # /usr/local/bundle/gems/capybara-3.40.0/lib/capybara/selenium/driver.rb:345:in 'Capybara::Selenium::Driver#delete_all_cookies'
          # /usr/local/bundle/gems/capybara-3.40.0/lib/capybara/selenium/driver.rb:328:in 'Capybara::Selenium::Driver#clear_browser_state'
          # /usr/local/bundle/gems/capybara-3.40.0/lib/capybara/selenium/driver.rb:485:in 'Capybara::Selenium::Driver#reset_browser_state'
          # /usr/local/bundle/gems/capybara-3.40.0/lib/capybara/selenium/driver.rb:164:in 'Capybara::Selenium::Driver#reset!'
          # /usr/local/bundle/gems/capybara-3.40.0/lib/capybara/session.rb:132:in 'Capybara::Session#reset!'
          # /usr/local/bundle/gems/capybara-3.40.0/lib/capybara.rb:327:in 'block in Capybara.reset_sessions!'
          # /usr/local/bundle/gems/capybara-3.40.0/lib/capybara.rb:327:in 'Enumerable#reverse_each'
          # /usr/local/bundle/gems/capybara-3.40.0/lib/capybara.rb:327:in 'Capybara.reset_sessions!'
          # ------------------
          # --- Caused by: ---
          # Selenium::WebDriver::Error::WebDriverError:
          #   #0 0x555d54671ca7 <unknown>
#1 0x555d54348c9c <unknown>
#2 0x555d54333ba9 <unknown>
#3 0x555d543338a9 <unknown>
#4 0x555d5434b9aa <unknown>
#5 0x555d543cca18 <unknown>
#6 0x555d543afce7 <unknown>
#7 0x555d543826b1 <unknown>
#8 0x555d543834c6 <unknown>
#9 0x555d5463f55a <unknown>
#10 0x555d546428ea <unknown>
#11 0x555d54642393 <unknown>
#12 0x555d54642d79 <unknown>
#13 0x555d5462fb2f <unknown>
#14 0x555d54643134 <unknown>
#15 0x555d546185aa <unknown>
#16 0x555d54662459 <unknown>
#17 0x555d54662646 <unknown>
#18 0x555d54671193 <unknown>
#19 0x7f96286a8134 <unknown>


  5) Comments コメントのCRUD 正常系 他人が追加したコメントには歯車アイコンが表示されない
     Got 0 failures and 2 other errors:

     5.1) Failure/Error: raise ex, cause: cause

          Selenium::WebDriver::Error::WebDriverError:
            disconnected: not connected to DevTools
              (failed to check if window was closed: disconnected: not connected to DevTools)
              (Session info: chrome-headless-shell=124.0.6367.78)
          # /usr/local/bundle/gems/selenium-webdriver-4.40.0/lib/selenium/webdriver/remote/response.rb:63:in 'Selenium::WebDriver::Remote::Response#add_cause'
          # /usr/local/bundle/gems/selenium-webdriver-4.40.0/lib/selenium/webdriver/remote/response.rb:41:in 'Selenium::WebDriver::Remote::Response#error'
          # /usr/local/bundle/gems/selenium-webdriver-4.40.0/lib/selenium/webdriver/remote/response.rb:52:in 'Selenium::WebDriver::Remote::Response#assert_ok'
          # /usr/local/bundle/gems/selenium-webdriver-4.40.0/lib/selenium/webdriver/remote/response.rb:34:in 'Selenium::WebDriver::Remote::Response#initialize'
          # /usr/local/bundle/gems/selenium-webdriver-4.40.0/lib/selenium/webdriver/remote/http/common.rb:135:in 'Class#new'
          # /usr/local/bundle/gems/selenium-webdriver-4.40.0/lib/selenium/webdriver/remote/http/common.rb:135:in 'Selenium::WebDriver::Remote::Http::Common#create_response'
          # /usr/local/bundle/gems/selenium-webdriver-4.40.0/lib/selenium/webdriver/remote/http/default.rb:103:in 'Selenium::WebDriver::Remote::Http::Default#request'
          # /usr/local/bundle/gems/selenium-webdriver-4.40.0/lib/selenium/webdriver/remote/http/common.rb:70:in 'Selenium::WebDriver::Remote::Http::Common#call'
          # /usr/local/bundle/gems/selenium-webdriver-4.40.0/lib/selenium/webdriver/remote/bridge.rb:633:in 'Selenium::WebDriver::Remote::Bridge#execute'
          # /usr/local/bundle/gems/selenium-webdriver-4.40.0/lib/selenium/webdriver/remote/bridge.rb:348:in 'Selenium::WebDriver::Remote::Bridge#delete_all_cookies'
          # /usr/local/bundle/gems/selenium-webdriver-4.40.0/lib/selenium/webdriver/common/manager.rb:92:in 'Selenium::WebDriver::Manager#delete_all_cookies'
          # /usr/local/bundle/gems/capybara-3.40.0/lib/capybara/selenium/driver.rb:345:in 'Capybara::Selenium::Driver#delete_all_cookies'
          # /usr/local/bundle/gems/capybara-3.40.0/lib/capybara/selenium/driver.rb:328:in 'Capybara::Selenium::Driver#clear_browser_state'
          # /usr/local/bundle/gems/capybara-3.40.0/lib/capybara/selenium/driver.rb:485:in 'Capybara::Selenium::Driver#reset_browser_state'
          # /usr/local/bundle/gems/capybara-3.40.0/lib/capybara/selenium/driver.rb:164:in 'Capybara::Selenium::Driver#reset!'
          # /usr/local/bundle/gems/capybara-3.40.0/lib/capybara/session.rb:132:in 'Capybara::Session#reset!'
          # /usr/local/bundle/gems/capybara-3.40.0/lib/capybara.rb:327:in 'block in Capybara.reset_sessions!'
          # /usr/local/bundle/gems/capybara-3.40.0/lib/capybara.rb:327:in 'Enumerable#reverse_each'
          # /usr/local/bundle/gems/capybara-3.40.0/lib/capybara.rb:327:in 'Capybara.reset_sessions!'
          # /usr/local/bundle/gems/capybara-3.40.0/lib/capybara/rspec.rb:20:in 'block (2 levels) in <top (required)>'
          # ------------------
          # --- Caused by: ---
          # Selenium::WebDriver::Error::WebDriverError:
          #   #0 0x555d54671ca7 <unknown>
#1 0x555d54348c9c <unknown>
#2 0x555d54333ba9 <unknown>
#3 0x555d543338a9 <unknown>
#4 0x555d5434b9aa <unknown>
#5 0x555d543cca18 <unknown>
#6 0x555d543afce7 <unknown>
#7 0x555d543826b1 <unknown>
#8 0x555d543834c6 <unknown>
#9 0x555d5463f55a <unknown>
#10 0x555d546428ea <unknown>
#11 0x555d54642393 <unknown>
#12 0x555d54642d79 <unknown>
#13 0x555d5462fb2f <unknown>
#14 0x555d54643134 <unknown>
#15 0x555d546185aa <unknown>
#16 0x555d54662459 <unknown>
#17 0x555d54662646 <unknown>
#18 0x555d54671193 <unknown>
#19 0x7f96286a8134 <unknown>


     5.2) Failure/Error: raise ex, cause: cause

          Selenium::WebDriver::Error::WebDriverError:
            disconnected: not connected to DevTools
              (failed to check if window was closed: disconnected: not connected to DevTools)
              (Session info: chrome-headless-shell=124.0.6367.78)
          # /usr/local/bundle/gems/selenium-webdriver-4.40.0/lib/selenium/webdriver/remote/response.rb:63:in 'Selenium::WebDriver::Remote::Response#add_cause'
          # /usr/local/bundle/gems/selenium-webdriver-4.40.0/lib/selenium/webdriver/remote/response.rb:41:in 'Selenium::WebDriver::Remote::Response#error'
          # /usr/local/bundle/gems/selenium-webdriver-4.40.0/lib/selenium/webdriver/remote/response.rb:52:in 'Selenium::WebDriver::Remote::Response#assert_ok'
          # /usr/local/bundle/gems/selenium-webdriver-4.40.0/lib/selenium/webdriver/remote/response.rb:34:in 'Selenium::WebDriver::Remote::Response#initialize'
          # /usr/local/bundle/gems/selenium-webdriver-4.40.0/lib/selenium/webdriver/remote/http/common.rb:135:in 'Class#new'
          # /usr/local/bundle/gems/selenium-webdriver-4.40.0/lib/selenium/webdriver/remote/http/common.rb:135:in 'Selenium::WebDriver::Remote::Http::Common#create_response'
          # /usr/local/bundle/gems/selenium-webdriver-4.40.0/lib/selenium/webdriver/remote/http/default.rb:103:in 'Selenium::WebDriver::Remote::Http::Default#request'
          # /usr/local/bundle/gems/selenium-webdriver-4.40.0/lib/selenium/webdriver/remote/http/common.rb:70:in 'Selenium::WebDriver::Remote::Http::Common#call'
          # /usr/local/bundle/gems/selenium-webdriver-4.40.0/lib/selenium/webdriver/remote/bridge.rb:633:in 'Selenium::WebDriver::Remote::Bridge#execute'
          # /usr/local/bundle/gems/selenium-webdriver-4.40.0/lib/selenium/webdriver/remote/bridge.rb:348:in 'Selenium::WebDriver::Remote::Bridge#delete_all_cookies'
          # /usr/local/bundle/gems/selenium-webdriver-4.40.0/lib/selenium/webdriver/common/manager.rb:92:in 'Selenium::WebDriver::Manager#delete_all_cookies'
          # /usr/local/bundle/gems/capybara-3.40.0/lib/capybara/selenium/driver.rb:345:in 'Capybara::Selenium::Driver#delete_all_cookies'
          # /usr/local/bundle/gems/capybara-3.40.0/lib/capybara/selenium/driver.rb:328:in 'Capybara::Selenium::Driver#clear_browser_state'
          # /usr/local/bundle/gems/capybara-3.40.0/lib/capybara/selenium/driver.rb:485:in 'Capybara::Selenium::Driver#reset_browser_state'
          # /usr/local/bundle/gems/capybara-3.40.0/lib/capybara/selenium/driver.rb:164:in 'Capybara::Selenium::Driver#reset!'
          # /usr/local/bundle/gems/capybara-3.40.0/lib/capybara/session.rb:132:in 'Capybara::Session#reset!'
          # /usr/local/bundle/gems/capybara-3.40.0/lib/capybara.rb:327:in 'block in Capybara.reset_sessions!'
          # /usr/local/bundle/gems/capybara-3.40.0/lib/capybara.rb:327:in 'Enumerable#reverse_each'
          # /usr/local/bundle/gems/capybara-3.40.0/lib/capybara.rb:327:in 'Capybara.reset_sessions!'
          # ------------------
          # --- Caused by: ---
          # Selenium::WebDriver::Error::WebDriverError:
          #   #0 0x555d54671ca7 <unknown>
#1 0x555d54348c9c <unknown>
#2 0x555d54333ba9 <unknown>
#3 0x555d543338a9 <unknown>
#4 0x555d5434b9aa <unknown>
#5 0x555d543cca18 <unknown>
#6 0x555d543afce7 <unknown>
#7 0x555d543826b1 <unknown>
#8 0x555d543834c6 <unknown>
#9 0x555d5463f55a <unknown>
#10 0x555d546428ea <unknown>
#11 0x555d54642393 <unknown>
#12 0x555d54642d79 <unknown>
#13 0x555d5462fb2f <unknown>
#14 0x555d54643134 <unknown>
#15 0x555d546185aa <unknown>
#16 0x555d54662459 <unknown>
#17 0x555d54662646 <unknown>
#18 0x555d54671193 <unknown>
#19 0x7f96286a8134 <unknown>


  6) Comments コメントのCRUD 異常系 未入力な場合、コメントを新規追加できない
     Got 0 failures and 4 other errors:

     6.1) Failure/Error: visit login_path

          Selenium::WebDriver::Error::WebDriverError:
            disconnected: not connected to DevTools
              (failed to check if window was closed: disconnected: not connected to DevTools)
              (Session info: chrome-headless-shell=124.0.6367.78)
          # /usr/local/bundle/gems/selenium-webdriver-4.40.0/lib/selenium/webdriver/remote/response.rb:63:in 'Selenium::WebDriver::Remote::Response#add_cause'
          # /usr/local/bundle/gems/selenium-webdriver-4.40.0/lib/selenium/webdriver/remote/response.rb:41:in 'Selenium::WebDriver::Remote::Response#error'
          # /usr/local/bundle/gems/selenium-webdriver-4.40.0/lib/selenium/webdriver/remote/response.rb:52:in 'Selenium::WebDriver::Remote::Response#assert_ok'
          # /usr/local/bundle/gems/selenium-webdriver-4.40.0/lib/selenium/webdriver/remote/response.rb:34:in 'Selenium::WebDriver::Remote::Response#initialize'
          # /usr/local/bundle/gems/selenium-webdriver-4.40.0/lib/selenium/webdriver/remote/http/common.rb:135:in 'Class#new'
          # /usr/local/bundle/gems/selenium-webdriver-4.40.0/lib/selenium/webdriver/remote/http/common.rb:135:in 'Selenium::WebDriver::Remote::Http::Common#create_response'
          # /usr/local/bundle/gems/selenium-webdriver-4.40.0/lib/selenium/webdriver/remote/http/default.rb:103:in 'Selenium::WebDriver::Remote::Http::Default#request'
          # /usr/local/bundle/gems/selenium-webdriver-4.40.0/lib/selenium/webdriver/remote/http/common.rb:70:in 'Selenium::WebDriver::Remote::Http::Common#call'
          # /usr/local/bundle/gems/selenium-webdriver-4.40.0/lib/selenium/webdriver/remote/bridge.rb:633:in 'Selenium::WebDriver::Remote::Bridge#execute'
          # /usr/local/bundle/gems/selenium-webdriver-4.40.0/lib/selenium/webdriver/remote/bridge.rb:119:in 'Selenium::WebDriver::Remote::Bridge#get'
          # /usr/local/bundle/gems/selenium-webdriver-4.40.0/lib/selenium/webdriver/common/navigation.rb:32:in 'Selenium::WebDriver::Navigation#to'
          # /usr/local/bundle/gems/capybara-3.40.0/lib/capybara/selenium/driver.rb:95:in 'Capybara::Selenium::Driver#visit'
          # /usr/local/bundle/gems/capybara-3.40.0/lib/capybara/session.rb:281:in 'Capybara::Session#visit'
          # /usr/local/bundle/gems/capybara-3.40.0/lib/capybara/dsl.rb:52:in 'Method#call'
          # /usr/local/bundle/gems/capybara-3.40.0/lib/capybara/dsl.rb:52:in 'Capybara::DSL#visit'
          # ./spec/support/login_macros.rb:3:in 'LoginMacros#login_as'
          # ./spec/system/comments_spec.rb:9:in 'block (3 levels) in <top (required)>'
          # ------------------
          # --- Caused by: ---
          # Selenium::WebDriver::Error::WebDriverError:
          #   #0 0x555d54671ca7 <unknown>
#1 0x555d54348c9c <unknown>
#2 0x555d54333ba9 <unknown>
#3 0x555d543338a9 <unknown>
#4 0x555d5434b9aa <unknown>
#5 0x555d543cca18 <unknown>
#6 0x555d543afce7 <unknown>
#7 0x555d543826b1 <unknown>
#8 0x555d543834c6 <unknown>
#9 0x555d5463f55a <unknown>
#10 0x555d546428ea <unknown>
#11 0x555d54642393 <unknown>
#12 0x555d54642d79 <unknown>
#13 0x555d5462fb2f <unknown>
#14 0x555d54643134 <unknown>
#15 0x555d546185aa <unknown>
#16 0x555d54662459 <unknown>
#17 0x555d54662646 <unknown>
#18 0x555d54671193 <unknown>
#19 0x7f96286a8134 <unknown>


     6.2) Failure/Error: raise ex, cause: cause

          Selenium::WebDriver::Error::WebDriverError:
            disconnected: not connected to DevTools
              (failed to check if window was closed: disconnected: not connected to DevTools)
              (Session info: chrome-headless-shell=124.0.6367.78)
          # /usr/local/bundle/gems/selenium-webdriver-4.40.0/lib/selenium/webdriver/remote/response.rb:63:in 'Selenium::WebDriver::Remote::Response#add_cause'
          # /usr/local/bundle/gems/selenium-webdriver-4.40.0/lib/selenium/webdriver/remote/response.rb:41:in 'Selenium::WebDriver::Remote::Response#error'
          # /usr/local/bundle/gems/selenium-webdriver-4.40.0/lib/selenium/webdriver/remote/response.rb:52:in 'Selenium::WebDriver::Remote::Response#assert_ok'
          # /usr/local/bundle/gems/selenium-webdriver-4.40.0/lib/selenium/webdriver/remote/response.rb:34:in 'Selenium::WebDriver::Remote::Response#initialize'
          # /usr/local/bundle/gems/selenium-webdriver-4.40.0/lib/selenium/webdriver/remote/http/common.rb:135:in 'Class#new'
          # /usr/local/bundle/gems/selenium-webdriver-4.40.0/lib/selenium/webdriver/remote/http/common.rb:135:in 'Selenium::WebDriver::Remote::Http::Common#create_response'
          # /usr/local/bundle/gems/selenium-webdriver-4.40.0/lib/selenium/webdriver/remote/http/default.rb:103:in 'Selenium::WebDriver::Remote::Http::Default#request'
          # /usr/local/bundle/gems/selenium-webdriver-4.40.0/lib/selenium/webdriver/remote/http/common.rb:70:in 'Selenium::WebDriver::Remote::Http::Common#call'
          # /usr/local/bundle/gems/selenium-webdriver-4.40.0/lib/selenium/webdriver/remote/bridge.rb:633:in 'Selenium::WebDriver::Remote::Bridge#execute'
          # /usr/local/bundle/gems/selenium-webdriver-4.40.0/lib/selenium/webdriver/remote/bridge.rb:300:in 'Selenium::WebDriver::Remote::Bridge#screenshot'
          # /usr/local/bundle/gems/selenium-webdriver-4.40.0/lib/selenium/webdriver/common/driver.rb:330:in 'Selenium::WebDriver::Driver#screenshot'
          # /usr/local/bundle/gems/selenium-webdriver-4.40.0/lib/selenium/webdriver/common/takes_screenshot.rb:59:in 'Selenium::WebDriver::TakesScreenshot#screenshot_as'
          # /usr/local/bundle/gems/selenium-webdriver-4.40.0/lib/selenium/webdriver/common/takes_screenshot.rb:61:in 'Selenium::WebDriver::TakesScreenshot#screenshot_as'
          # /usr/local/bundle/gems/selenium-webdriver-4.40.0/lib/selenium/webdriver/common/takes_screenshot.rb:40:in 'block in Selenium::WebDriver::TakesScreenshot#save_screenshot'
          # /usr/local/bundle/gems/selenium-webdriver-4.40.0/lib/selenium/webdriver/common/takes_screenshot.rb:40:in 'IO.open'
          # /usr/local/bundle/gems/selenium-webdriver-4.40.0/lib/selenium/webdriver/common/takes_screenshot.rb:40:in 'Selenium::WebDriver::TakesScreenshot#save_screenshot'
          # /usr/local/bundle/gems/capybara-3.40.0/lib/capybara/selenium/driver.rb:152:in 'Capybara::Selenium::Driver#save_screenshot'
          # /usr/local/bundle/gems/capybara-3.40.0/lib/capybara/session.rb:748:in 'block in Capybara::Session#save_screenshot'
          # /usr/local/bundle/gems/capybara-3.40.0/lib/capybara/session.rb:748:in 'Capybara::Session#save_screenshot'
          # ------------------
          # --- Caused by: ---
          # Selenium::WebDriver::Error::WebDriverError:
          #   #0 0x555d54671ca7 <unknown>
#1 0x555d54348c9c <unknown>
#2 0x555d54333ba9 <unknown>
#3 0x555d543338a9 <unknown>
#4 0x555d5434b9aa <unknown>
#5 0x555d543cca18 <unknown>
#6 0x555d543afce7 <unknown>
#7 0x555d543826b1 <unknown>
#8 0x555d543834c6 <unknown>
#9 0x555d5463f55a <unknown>
#10 0x555d546428ea <unknown>
#11 0x555d54642393 <unknown>
#12 0x555d54642d79 <unknown>
#13 0x555d5462fb2f <unknown>
#14 0x555d54643134 <unknown>
#15 0x555d546185aa <unknown>
#16 0x555d54662459 <unknown>
#17 0x555d54662646 <unknown>
#18 0x555d54671193 <unknown>
#19 0x7f96286a8134 <unknown>


     6.3) Failure/Error: raise ex, cause: cause

          Selenium::WebDriver::Error::WebDriverError:
            disconnected: not connected to DevTools
              (failed to check if window was closed: disconnected: not connected to DevTools)
              (Session info: chrome-headless-shell=124.0.6367.78)
          # /usr/local/bundle/gems/selenium-webdriver-4.40.0/lib/selenium/webdriver/remote/response.rb:63:in 'Selenium::WebDriver::Remote::Response#add_cause'
          # /usr/local/bundle/gems/selenium-webdriver-4.40.0/lib/selenium/webdriver/remote/response.rb:41:in 'Selenium::WebDriver::Remote::Response#error'
          # /usr/local/bundle/gems/selenium-webdriver-4.40.0/lib/selenium/webdriver/remote/response.rb:52:in 'Selenium::WebDriver::Remote::Response#assert_ok'
          # /usr/local/bundle/gems/selenium-webdriver-4.40.0/lib/selenium/webdriver/remote/response.rb:34:in 'Selenium::WebDriver::Remote::Response#initialize'
          # /usr/local/bundle/gems/selenium-webdriver-4.40.0/lib/selenium/webdriver/remote/http/common.rb:135:in 'Class#new'
          # /usr/local/bundle/gems/selenium-webdriver-4.40.0/lib/selenium/webdriver/remote/http/common.rb:135:in 'Selenium::WebDriver::Remote::Http::Common#create_response'
          # /usr/local/bundle/gems/selenium-webdriver-4.40.0/lib/selenium/webdriver/remote/http/default.rb:103:in 'Selenium::WebDriver::Remote::Http::Default#request'
          # /usr/local/bundle/gems/selenium-webdriver-4.40.0/lib/selenium/webdriver/remote/http/common.rb:70:in 'Selenium::WebDriver::Remote::Http::Common#call'
          # /usr/local/bundle/gems/selenium-webdriver-4.40.0/lib/selenium/webdriver/remote/bridge.rb:633:in 'Selenium::WebDriver::Remote::Bridge#execute'
          # /usr/local/bundle/gems/selenium-webdriver-4.40.0/lib/selenium/webdriver/remote/bridge.rb:348:in 'Selenium::WebDriver::Remote::Bridge#delete_all_cookies'
          # /usr/local/bundle/gems/selenium-webdriver-4.40.0/lib/selenium/webdriver/common/manager.rb:92:in 'Selenium::WebDriver::Manager#delete_all_cookies'
          # /usr/local/bundle/gems/capybara-3.40.0/lib/capybara/selenium/driver.rb:345:in 'Capybara::Selenium::Driver#delete_all_cookies'
          # /usr/local/bundle/gems/capybara-3.40.0/lib/capybara/selenium/driver.rb:328:in 'Capybara::Selenium::Driver#clear_browser_state'
          # /usr/local/bundle/gems/capybara-3.40.0/lib/capybara/selenium/driver.rb:485:in 'Capybara::Selenium::Driver#reset_browser_state'
          # /usr/local/bundle/gems/capybara-3.40.0/lib/capybara/selenium/driver.rb:164:in 'Capybara::Selenium::Driver#reset!'
          # /usr/local/bundle/gems/capybara-3.40.0/lib/capybara/session.rb:132:in 'Capybara::Session#reset!'
          # /usr/local/bundle/gems/capybara-3.40.0/lib/capybara.rb:327:in 'block in Capybara.reset_sessions!'
          # /usr/local/bundle/gems/capybara-3.40.0/lib/capybara.rb:327:in 'Enumerable#reverse_each'
          # /usr/local/bundle/gems/capybara-3.40.0/lib/capybara.rb:327:in 'Capybara.reset_sessions!'
          # /usr/local/bundle/gems/capybara-3.40.0/lib/capybara/rspec.rb:20:in 'block (2 levels) in <top (required)>'
          # ------------------
          # --- Caused by: ---
          # Selenium::WebDriver::Error::WebDriverError:
          #   #0 0x555d54671ca7 <unknown>
#1 0x555d54348c9c <unknown>
#2 0x555d54333ba9 <unknown>
#3 0x555d543338a9 <unknown>
#4 0x555d5434b9aa <unknown>
#5 0x555d543cca18 <unknown>
#6 0x555d543afce7 <unknown>
#7 0x555d543826b1 <unknown>
#8 0x555d543834c6 <unknown>
#9 0x555d5463f55a <unknown>
#10 0x555d546428ea <unknown>
#11 0x555d54642393 <unknown>
#12 0x555d54642d79 <unknown>
#13 0x555d5462fb2f <unknown>
#14 0x555d54643134 <unknown>
#15 0x555d546185aa <unknown>
#16 0x555d54662459 <unknown>
#17 0x555d54662646 <unknown>
#18 0x555d54671193 <unknown>
#19 0x7f96286a8134 <unknown>


     6.4) Failure/Error: raise ex, cause: cause

          Selenium::WebDriver::Error::WebDriverError:
            disconnected: not connected to DevTools
              (failed to check if window was closed: disconnected: not connected to DevTools)
              (Session info: chrome-headless-shell=124.0.6367.78)
          # /usr/local/bundle/gems/selenium-webdriver-4.40.0/lib/selenium/webdriver/remote/response.rb:63:in 'Selenium::WebDriver::Remote::Response#add_cause'
          # /usr/local/bundle/gems/selenium-webdriver-4.40.0/lib/selenium/webdriver/remote/response.rb:41:in 'Selenium::WebDriver::Remote::Response#error'
          # /usr/local/bundle/gems/selenium-webdriver-4.40.0/lib/selenium/webdriver/remote/response.rb:52:in 'Selenium::WebDriver::Remote::Response#assert_ok'
          # /usr/local/bundle/gems/selenium-webdriver-4.40.0/lib/selenium/webdriver/remote/response.rb:34:in 'Selenium::WebDriver::Remote::Response#initialize'
          # /usr/local/bundle/gems/selenium-webdriver-4.40.0/lib/selenium/webdriver/remote/http/common.rb:135:in 'Class#new'
          # /usr/local/bundle/gems/selenium-webdriver-4.40.0/lib/selenium/webdriver/remote/http/common.rb:135:in 'Selenium::WebDriver::Remote::Http::Common#create_response'
          # /usr/local/bundle/gems/selenium-webdriver-4.40.0/lib/selenium/webdriver/remote/http/default.rb:103:in 'Selenium::WebDriver::Remote::Http::Default#request'
          # /usr/local/bundle/gems/selenium-webdriver-4.40.0/lib/selenium/webdriver/remote/http/common.rb:70:in 'Selenium::WebDriver::Remote::Http::Common#call'
          # /usr/local/bundle/gems/selenium-webdriver-4.40.0/lib/selenium/webdriver/remote/bridge.rb:633:in 'Selenium::WebDriver::Remote::Bridge#execute'
          # /usr/local/bundle/gems/selenium-webdriver-4.40.0/lib/selenium/webdriver/remote/bridge.rb:348:in 'Selenium::WebDriver::Remote::Bridge#delete_all_cookies'
          # /usr/local/bundle/gems/selenium-webdriver-4.40.0/lib/selenium/webdriver/common/manager.rb:92:in 'Selenium::WebDriver::Manager#delete_all_cookies'
          # /usr/local/bundle/gems/capybara-3.40.0/lib/capybara/selenium/driver.rb:345:in 'Capybara::Selenium::Driver#delete_all_cookies'
          # /usr/local/bundle/gems/capybara-3.40.0/lib/capybara/selenium/driver.rb:328:in 'Capybara::Selenium::Driver#clear_browser_state'
          # /usr/local/bundle/gems/capybara-3.40.0/lib/capybara/selenium/driver.rb:485:in 'Capybara::Selenium::Driver#reset_browser_state'
          # /usr/local/bundle/gems/capybara-3.40.0/lib/capybara/selenium/driver.rb:164:in 'Capybara::Selenium::Driver#reset!'
          # /usr/local/bundle/gems/capybara-3.40.0/lib/capybara/session.rb:132:in 'Capybara::Session#reset!'
          # /usr/local/bundle/gems/capybara-3.40.0/lib/capybara.rb:327:in 'block in Capybara.reset_sessions!'
          # /usr/local/bundle/gems/capybara-3.40.0/lib/capybara.rb:327:in 'Enumerable#reverse_each'
          # /usr/local/bundle/gems/capybara-3.40.0/lib/capybara.rb:327:in 'Capybara.reset_sessions!'
          # ------------------
          # --- Caused by: ---
          # Selenium::WebDriver::Error::WebDriverError:
          #   #0 0x555d54671ca7 <unknown>
#1 0x555d54348c9c <unknown>
#2 0x555d54333ba9 <unknown>
#3 0x555d543338a9 <unknown>
#4 0x555d5434b9aa <unknown>
#5 0x555d543cca18 <unknown>
#6 0x555d543afce7 <unknown>
#7 0x555d543826b1 <unknown>
#8 0x555d543834c6 <unknown>
#9 0x555d5463f55a <unknown>
#10 0x555d546428ea <unknown>
#11 0x555d54642393 <unknown>
#12 0x555d54642d79 <unknown>
#13 0x555d5462fb2f <unknown>
#14 0x555d54643134 <unknown>
#15 0x555d546185aa <unknown>
#16 0x555d54662459 <unknown>
#17 0x555d54662646 <unknown>
#18 0x555d54671193 <unknown>
#19 0x7f96286a8134 <unknown>


  7) Comments コメントのCRUD 異常系 未入力な場合、コメントの編集ができない
     Got 0 failures and 4 other errors:

     7.1) Failure/Error: visit login_path

          Selenium::WebDriver::Error::WebDriverError:
            disconnected: not connected to DevTools
              (failed to check if window was closed: disconnected: not connected to DevTools)
              (Session info: chrome-headless-shell=124.0.6367.78)
          # /usr/local/bundle/gems/selenium-webdriver-4.40.0/lib/selenium/webdriver/remote/response.rb:63:in 'Selenium::WebDriver::Remote::Response#add_cause'
          # /usr/local/bundle/gems/selenium-webdriver-4.40.0/lib/selenium/webdriver/remote/response.rb:41:in 'Selenium::WebDriver::Remote::Response#error'
          # /usr/local/bundle/gems/selenium-webdriver-4.40.0/lib/selenium/webdriver/remote/response.rb:52:in 'Selenium::WebDriver::Remote::Response#assert_ok'
          # /usr/local/bundle/gems/selenium-webdriver-4.40.0/lib/selenium/webdriver/remote/response.rb:34:in 'Selenium::WebDriver::Remote::Response#initialize'
          # /usr/local/bundle/gems/selenium-webdriver-4.40.0/lib/selenium/webdriver/remote/http/common.rb:135:in 'Class#new'
          # /usr/local/bundle/gems/selenium-webdriver-4.40.0/lib/selenium/webdriver/remote/http/common.rb:135:in 'Selenium::WebDriver::Remote::Http::Common#create_response'
          # /usr/local/bundle/gems/selenium-webdriver-4.40.0/lib/selenium/webdriver/remote/http/default.rb:103:in 'Selenium::WebDriver::Remote::Http::Default#request'
          # /usr/local/bundle/gems/selenium-webdriver-4.40.0/lib/selenium/webdriver/remote/http/common.rb:70:in 'Selenium::WebDriver::Remote::Http::Common#call'
          # /usr/local/bundle/gems/selenium-webdriver-4.40.0/lib/selenium/webdriver/remote/bridge.rb:633:in 'Selenium::WebDriver::Remote::Bridge#execute'
          # /usr/local/bundle/gems/selenium-webdriver-4.40.0/lib/selenium/webdriver/remote/bridge.rb:119:in 'Selenium::WebDriver::Remote::Bridge#get'
          # /usr/local/bundle/gems/selenium-webdriver-4.40.0/lib/selenium/webdriver/common/navigation.rb:32:in 'Selenium::WebDriver::Navigation#to'
          # /usr/local/bundle/gems/capybara-3.40.0/lib/capybara/selenium/driver.rb:95:in 'Capybara::Selenium::Driver#visit'
          # /usr/local/bundle/gems/capybara-3.40.0/lib/capybara/session.rb:281:in 'Capybara::Session#visit'
          # /usr/local/bundle/gems/capybara-3.40.0/lib/capybara/dsl.rb:52:in 'Method#call'
          # /usr/local/bundle/gems/capybara-3.40.0/lib/capybara/dsl.rb:52:in 'Capybara::DSL#visit'
          # ./spec/support/login_macros.rb:3:in 'LoginMacros#login_as'
          # ./spec/system/comments_spec.rb:9:in 'block (3 levels) in <top (required)>'
          # ------------------
          # --- Caused by: ---
          # Selenium::WebDriver::Error::WebDriverError:
          #   #0 0x555d54671ca7 <unknown>
#1 0x555d54348c9c <unknown>
#2 0x555d54333ba9 <unknown>
#3 0x555d543338a9 <unknown>
#4 0x555d5434b9aa <unknown>
#5 0x555d543cca18 <unknown>
#6 0x555d543afce7 <unknown>
#7 0x555d543826b1 <unknown>
#8 0x555d543834c6 <unknown>
#9 0x555d5463f55a <unknown>
#10 0x555d546428ea <unknown>
#11 0x555d54642393 <unknown>
#12 0x555d54642d79 <unknown>
#13 0x555d5462fb2f <unknown>
#14 0x555d54643134 <unknown>
#15 0x555d546185aa <unknown>
#16 0x555d54662459 <unknown>
#17 0x555d54662646 <unknown>
#18 0x555d54671193 <unknown>
#19 0x7f96286a8134 <unknown>


     7.2) Failure/Error: raise ex, cause: cause

          Selenium::WebDriver::Error::WebDriverError:
            disconnected: not connected to DevTools
              (failed to check if window was closed: disconnected: not connected to DevTools)
              (Session info: chrome-headless-shell=124.0.6367.78)
          # /usr/local/bundle/gems/selenium-webdriver-4.40.0/lib/selenium/webdriver/remote/response.rb:63:in 'Selenium::WebDriver::Remote::Response#add_cause'
          # /usr/local/bundle/gems/selenium-webdriver-4.40.0/lib/selenium/webdriver/remote/response.rb:41:in 'Selenium::WebDriver::Remote::Response#error'
          # /usr/local/bundle/gems/selenium-webdriver-4.40.0/lib/selenium/webdriver/remote/response.rb:52:in 'Selenium::WebDriver::Remote::Response#assert_ok'
          # /usr/local/bundle/gems/selenium-webdriver-4.40.0/lib/selenium/webdriver/remote/response.rb:34:in 'Selenium::WebDriver::Remote::Response#initialize'
          # /usr/local/bundle/gems/selenium-webdriver-4.40.0/lib/selenium/webdriver/remote/http/common.rb:135:in 'Class#new'
          # /usr/local/bundle/gems/selenium-webdriver-4.40.0/lib/selenium/webdriver/remote/http/common.rb:135:in 'Selenium::WebDriver::Remote::Http::Common#create_response'
          # /usr/local/bundle/gems/selenium-webdriver-4.40.0/lib/selenium/webdriver/remote/http/default.rb:103:in 'Selenium::WebDriver::Remote::Http::Default#request'
          # /usr/local/bundle/gems/selenium-webdriver-4.40.0/lib/selenium/webdriver/remote/http/common.rb:70:in 'Selenium::WebDriver::Remote::Http::Common#call'
          # /usr/local/bundle/gems/selenium-webdriver-4.40.0/lib/selenium/webdriver/remote/bridge.rb:633:in 'Selenium::WebDriver::Remote::Bridge#execute'
          # /usr/local/bundle/gems/selenium-webdriver-4.40.0/lib/selenium/webdriver/remote/bridge.rb:300:in 'Selenium::WebDriver::Remote::Bridge#screenshot'
          # /usr/local/bundle/gems/selenium-webdriver-4.40.0/lib/selenium/webdriver/common/driver.rb:330:in 'Selenium::WebDriver::Driver#screenshot'
          # /usr/local/bundle/gems/selenium-webdriver-4.40.0/lib/selenium/webdriver/common/takes_screenshot.rb:59:in 'Selenium::WebDriver::TakesScreenshot#screenshot_as'
          # /usr/local/bundle/gems/selenium-webdriver-4.40.0/lib/selenium/webdriver/common/takes_screenshot.rb:61:in 'Selenium::WebDriver::TakesScreenshot#screenshot_as'
          # /usr/local/bundle/gems/selenium-webdriver-4.40.0/lib/selenium/webdriver/common/takes_screenshot.rb:40:in 'block in Selenium::WebDriver::TakesScreenshot#save_screenshot'
          # /usr/local/bundle/gems/selenium-webdriver-4.40.0/lib/selenium/webdriver/common/takes_screenshot.rb:40:in 'IO.open'
          # /usr/local/bundle/gems/selenium-webdriver-4.40.0/lib/selenium/webdriver/common/takes_screenshot.rb:40:in 'Selenium::WebDriver::TakesScreenshot#save_screenshot'
          # /usr/local/bundle/gems/capybara-3.40.0/lib/capybara/selenium/driver.rb:152:in 'Capybara::Selenium::Driver#save_screenshot'
          # /usr/local/bundle/gems/capybara-3.40.0/lib/capybara/session.rb:748:in 'block in Capybara::Session#save_screenshot'
          # /usr/local/bundle/gems/capybara-3.40.0/lib/capybara/session.rb:748:in 'Capybara::Session#save_screenshot'
          # ------------------
          # --- Caused by: ---
          # Selenium::WebDriver::Error::WebDriverError:
          #   #0 0x555d54671ca7 <unknown>
#1 0x555d54348c9c <unknown>
#2 0x555d54333ba9 <unknown>
#3 0x555d543338a9 <unknown>
#4 0x555d5434b9aa <unknown>
#5 0x555d543cca18 <unknown>
#6 0x555d543afce7 <unknown>
#7 0x555d543826b1 <unknown>
#8 0x555d543834c6 <unknown>
#9 0x555d5463f55a <unknown>
#10 0x555d546428ea <unknown>
#11 0x555d54642393 <unknown>
#12 0x555d54642d79 <unknown>
#13 0x555d5462fb2f <unknown>
#14 0x555d54643134 <unknown>
#15 0x555d546185aa <unknown>
#16 0x555d54662459 <unknown>
#17 0x555d54662646 <unknown>
#18 0x555d54671193 <unknown>
#19 0x7f96286a8134 <unknown>


     7.3) Failure/Error: raise ex, cause: cause

          Selenium::WebDriver::Error::WebDriverError:
            disconnected: not connected to DevTools
              (failed to check if window was closed: disconnected: not connected to DevTools)
              (Session info: chrome-headless-shell=124.0.6367.78)
          # /usr/local/bundle/gems/selenium-webdriver-4.40.0/lib/selenium/webdriver/remote/response.rb:63:in 'Selenium::WebDriver::Remote::Response#add_cause'
          # /usr/local/bundle/gems/selenium-webdriver-4.40.0/lib/selenium/webdriver/remote/response.rb:41:in 'Selenium::WebDriver::Remote::Response#error'
          # /usr/local/bundle/gems/selenium-webdriver-4.40.0/lib/selenium/webdriver/remote/response.rb:52:in 'Selenium::WebDriver::Remote::Response#assert_ok'
          # /usr/local/bundle/gems/selenium-webdriver-4.40.0/lib/selenium/webdriver/remote/response.rb:34:in 'Selenium::WebDriver::Remote::Response#initialize'
          # /usr/local/bundle/gems/selenium-webdriver-4.40.0/lib/selenium/webdriver/remote/http/common.rb:135:in 'Class#new'
          # /usr/local/bundle/gems/selenium-webdriver-4.40.0/lib/selenium/webdriver/remote/http/common.rb:135:in 'Selenium::WebDriver::Remote::Http::Common#create_response'
          # /usr/local/bundle/gems/selenium-webdriver-4.40.0/lib/selenium/webdriver/remote/http/default.rb:103:in 'Selenium::WebDriver::Remote::Http::Default#request'
          # /usr/local/bundle/gems/selenium-webdriver-4.40.0/lib/selenium/webdriver/remote/http/common.rb:70:in 'Selenium::WebDriver::Remote::Http::Common#call'
          # /usr/local/bundle/gems/selenium-webdriver-4.40.0/lib/selenium/webdriver/remote/bridge.rb:633:in 'Selenium::WebDriver::Remote::Bridge#execute'
          # /usr/local/bundle/gems/selenium-webdriver-4.40.0/lib/selenium/webdriver/remote/bridge.rb:348:in 'Selenium::WebDriver::Remote::Bridge#delete_all_cookies'
          # /usr/local/bundle/gems/selenium-webdriver-4.40.0/lib/selenium/webdriver/common/manager.rb:92:in 'Selenium::WebDriver::Manager#delete_all_cookies'
          # /usr/local/bundle/gems/capybara-3.40.0/lib/capybara/selenium/driver.rb:345:in 'Capybara::Selenium::Driver#delete_all_cookies'
          # /usr/local/bundle/gems/capybara-3.40.0/lib/capybara/selenium/driver.rb:328:in 'Capybara::Selenium::Driver#clear_browser_state'
          # /usr/local/bundle/gems/capybara-3.40.0/lib/capybara/selenium/driver.rb:485:in 'Capybara::Selenium::Driver#reset_browser_state'
          # /usr/local/bundle/gems/capybara-3.40.0/lib/capybara/selenium/driver.rb:164:in 'Capybara::Selenium::Driver#reset!'
          # /usr/local/bundle/gems/capybara-3.40.0/lib/capybara/session.rb:132:in 'Capybara::Session#reset!'
          # /usr/local/bundle/gems/capybara-3.40.0/lib/capybara.rb:327:in 'block in Capybara.reset_sessions!'
          # /usr/local/bundle/gems/capybara-3.40.0/lib/capybara.rb:327:in 'Enumerable#reverse_each'
          # /usr/local/bundle/gems/capybara-3.40.0/lib/capybara.rb:327:in 'Capybara.reset_sessions!'
          # /usr/local/bundle/gems/capybara-3.40.0/lib/capybara/rspec.rb:20:in 'block (2 levels) in <top (required)>'
          # ------------------
          # --- Caused by: ---
          # Selenium::WebDriver::Error::WebDriverError:
          #   #0 0x555d54671ca7 <unknown>
#1 0x555d54348c9c <unknown>
#2 0x555d54333ba9 <unknown>
#3 0x555d543338a9 <unknown>
#4 0x555d5434b9aa <unknown>
#5 0x555d543cca18 <unknown>
#6 0x555d543afce7 <unknown>
#7 0x555d543826b1 <unknown>
#8 0x555d543834c6 <unknown>
#9 0x555d5463f55a <unknown>
#10 0x555d546428ea <unknown>
#11 0x555d54642393 <unknown>
#12 0x555d54642d79 <unknown>
#13 0x555d5462fb2f <unknown>
#14 0x555d54643134 <unknown>
#15 0x555d546185aa <unknown>
#16 0x555d54662459 <unknown>
#17 0x555d54662646 <unknown>
#18 0x555d54671193 <unknown>
#19 0x7f96286a8134 <unknown>


     7.4) Failure/Error: raise ex, cause: cause

          Selenium::WebDriver::Error::WebDriverError:
            disconnected: not connected to DevTools
              (failed to check if window was closed: disconnected: not connected to DevTools)
              (Session info: chrome-headless-shell=124.0.6367.78)
          # /usr/local/bundle/gems/selenium-webdriver-4.40.0/lib/selenium/webdriver/remote/response.rb:63:in 'Selenium::WebDriver::Remote::Response#add_cause'
          # /usr/local/bundle/gems/selenium-webdriver-4.40.0/lib/selenium/webdriver/remote/response.rb:41:in 'Selenium::WebDriver::Remote::Response#error'
          # /usr/local/bundle/gems/selenium-webdriver-4.40.0/lib/selenium/webdriver/remote/response.rb:52:in 'Selenium::WebDriver::Remote::Response#assert_ok'
          # /usr/local/bundle/gems/selenium-webdriver-4.40.0/lib/selenium/webdriver/remote/response.rb:34:in 'Selenium::WebDriver::Remote::Response#initialize'
          # /usr/local/bundle/gems/selenium-webdriver-4.40.0/lib/selenium/webdriver/remote/http/common.rb:135:in 'Class#new'
          # /usr/local/bundle/gems/selenium-webdriver-4.40.0/lib/selenium/webdriver/remote/http/common.rb:135:in 'Selenium::WebDriver::Remote::Http::Common#create_response'
          # /usr/local/bundle/gems/selenium-webdriver-4.40.0/lib/selenium/webdriver/remote/http/default.rb:103:in 'Selenium::WebDriver::Remote::Http::Default#request'
          # /usr/local/bundle/gems/selenium-webdriver-4.40.0/lib/selenium/webdriver/remote/http/common.rb:70:in 'Selenium::WebDriver::Remote::Http::Common#call'
          # /usr/local/bundle/gems/selenium-webdriver-4.40.0/lib/selenium/webdriver/remote/bridge.rb:633:in 'Selenium::WebDriver::Remote::Bridge#execute'
          # /usr/local/bundle/gems/selenium-webdriver-4.40.0/lib/selenium/webdriver/remote/bridge.rb:348:in 'Selenium::WebDriver::Remote::Bridge#delete_all_cookies'
          # /usr/local/bundle/gems/selenium-webdriver-4.40.0/lib/selenium/webdriver/common/manager.rb:92:in 'Selenium::WebDriver::Manager#delete_all_cookies'
          # /usr/local/bundle/gems/capybara-3.40.0/lib/capybara/selenium/driver.rb:345:in 'Capybara::Selenium::Driver#delete_all_cookies'
          # /usr/local/bundle/gems/capybara-3.40.0/lib/capybara/selenium/driver.rb:328:in 'Capybara::Selenium::Driver#clear_browser_state'
          # /usr/local/bundle/gems/capybara-3.40.0/lib/capybara/selenium/driver.rb:485:in 'Capybara::Selenium::Driver#reset_browser_state'
          # /usr/local/bundle/gems/capybara-3.40.0/lib/capybara/selenium/driver.rb:164:in 'Capybara::Selenium::Driver#reset!'
          # /usr/local/bundle/gems/capybara-3.40.0/lib/capybara/session.rb:132:in 'Capybara::Session#reset!'
          # /usr/local/bundle/gems/capybara-3.40.0/lib/capybara.rb:327:in 'block in Capybara.reset_sessions!'
          # /usr/local/bundle/gems/capybara-3.40.0/lib/capybara.rb:327:in 'Enumerable#reverse_each'
          # /usr/local/bundle/gems/capybara-3.40.0/lib/capybara.rb:327:in 'Capybara.reset_sessions!'
          # ------------------
          # --- Caused by: ---
          # Selenium::WebDriver::Error::WebDriverError:
          #   #0 0x555d54671ca7 <unknown>
#1 0x555d54348c9c <unknown>
#2 0x555d54333ba9 <unknown>
#3 0x555d543338a9 <unknown>
#4 0x555d5434b9aa <unknown>
#5 0x555d543cca18 <unknown>
#6 0x555d543afce7 <unknown>
#7 0x555d543826b1 <unknown>
#8 0x555d543834c6 <unknown>
#9 0x555d5463f55a <unknown>
#10 0x555d546428ea <unknown>
#11 0x555d54642393 <unknown>
#12 0x555d54642d79 <unknown>
#13 0x555d5462fb2f <unknown>
#14 0x555d54643134 <unknown>
#15 0x555d546185aa <unknown>
#16 0x555d54662459 <unknown>
#17 0x555d54662646 <unknown>
#18 0x555d54671193 <unknown>
#19 0x7f96286a8134 <unknown>


  8) Likes いいね機能 正常系 いいねできる
     Got 0 failures and 4 other errors:

     8.1) Failure/Error: visit login_path

          Selenium::WebDriver::Error::WebDriverError:
            disconnected: not connected to DevTools
              (failed to check if window was closed: disconnected: not connected to DevTools)
              (Session info: chrome-headless-shell=124.0.6367.78)
          # /usr/local/bundle/gems/selenium-webdriver-4.40.0/lib/selenium/webdriver/remote/response.rb:63:in 'Selenium::WebDriver::Remote::Response#add_cause'
          # /usr/local/bundle/gems/selenium-webdriver-4.40.0/lib/selenium/webdriver/remote/response.rb:41:in 'Selenium::WebDriver::Remote::Response#error'
          # /usr/local/bundle/gems/selenium-webdriver-4.40.0/lib/selenium/webdriver/remote/response.rb:52:in 'Selenium::WebDriver::Remote::Response#assert_ok'
          # /usr/local/bundle/gems/selenium-webdriver-4.40.0/lib/selenium/webdriver/remote/response.rb:34:in 'Selenium::WebDriver::Remote::Response#initialize'
          # /usr/local/bundle/gems/selenium-webdriver-4.40.0/lib/selenium/webdriver/remote/http/common.rb:135:in 'Class#new'
          # /usr/local/bundle/gems/selenium-webdriver-4.40.0/lib/selenium/webdriver/remote/http/common.rb:135:in 'Selenium::WebDriver::Remote::Http::Common#create_response'
          # /usr/local/bundle/gems/selenium-webdriver-4.40.0/lib/selenium/webdriver/remote/http/default.rb:103:in 'Selenium::WebDriver::Remote::Http::Default#request'
          # /usr/local/bundle/gems/selenium-webdriver-4.40.0/lib/selenium/webdriver/remote/http/common.rb:70:in 'Selenium::WebDriver::Remote::Http::Common#call'
          # /usr/local/bundle/gems/selenium-webdriver-4.40.0/lib/selenium/webdriver/remote/bridge.rb:633:in 'Selenium::WebDriver::Remote::Bridge#execute'
          # /usr/local/bundle/gems/selenium-webdriver-4.40.0/lib/selenium/webdriver/remote/bridge.rb:119:in 'Selenium::WebDriver::Remote::Bridge#get'
          # /usr/local/bundle/gems/selenium-webdriver-4.40.0/lib/selenium/webdriver/common/navigation.rb:32:in 'Selenium::WebDriver::Navigation#to'
          # /usr/local/bundle/gems/capybara-3.40.0/lib/capybara/selenium/driver.rb:95:in 'Capybara::Selenium::Driver#visit'
          # /usr/local/bundle/gems/capybara-3.40.0/lib/capybara/session.rb:281:in 'Capybara::Session#visit'
          # /usr/local/bundle/gems/capybara-3.40.0/lib/capybara/dsl.rb:52:in 'Method#call'
          # /usr/local/bundle/gems/capybara-3.40.0/lib/capybara/dsl.rb:52:in 'Capybara::DSL#visit'
          # ./spec/support/login_macros.rb:3:in 'LoginMacros#login_as'
          # ./spec/system/likes_spec.rb:9:in 'block (3 levels) in <top (required)>'
          # ------------------
          # --- Caused by: ---
          # Selenium::WebDriver::Error::WebDriverError:
          #   #0 0x555d54671ca7 <unknown>
#1 0x555d54348c9c <unknown>
#2 0x555d54333ba9 <unknown>
#3 0x555d543338a9 <unknown>
#4 0x555d5434b9aa <unknown>
#5 0x555d543cca18 <unknown>
#6 0x555d543afce7 <unknown>
#7 0x555d543826b1 <unknown>
#8 0x555d543834c6 <unknown>
#9 0x555d5463f55a <unknown>
#10 0x555d546428ea <unknown>
#11 0x555d54642393 <unknown>
#12 0x555d54642d79 <unknown>
#13 0x555d5462fb2f <unknown>
#14 0x555d54643134 <unknown>
#15 0x555d546185aa <unknown>
#16 0x555d54662459 <unknown>
#17 0x555d54662646 <unknown>
#18 0x555d54671193 <unknown>
#19 0x7f96286a8134 <unknown>


     8.2) Failure/Error: raise ex, cause: cause

          Selenium::WebDriver::Error::WebDriverError:
            disconnected: not connected to DevTools
              (failed to check if window was closed: disconnected: not connected to DevTools)
              (Session info: chrome-headless-shell=124.0.6367.78)
          # /usr/local/bundle/gems/selenium-webdriver-4.40.0/lib/selenium/webdriver/remote/response.rb:63:in 'Selenium::WebDriver::Remote::Response#add_cause'
          # /usr/local/bundle/gems/selenium-webdriver-4.40.0/lib/selenium/webdriver/remote/response.rb:41:in 'Selenium::WebDriver::Remote::Response#error'
          # /usr/local/bundle/gems/selenium-webdriver-4.40.0/lib/selenium/webdriver/remote/response.rb:52:in 'Selenium::WebDriver::Remote::Response#assert_ok'
          # /usr/local/bundle/gems/selenium-webdriver-4.40.0/lib/selenium/webdriver/remote/response.rb:34:in 'Selenium::WebDriver::Remote::Response#initialize'
          # /usr/local/bundle/gems/selenium-webdriver-4.40.0/lib/selenium/webdriver/remote/http/common.rb:135:in 'Class#new'
          # /usr/local/bundle/gems/selenium-webdriver-4.40.0/lib/selenium/webdriver/remote/http/common.rb:135:in 'Selenium::WebDriver::Remote::Http::Common#create_response'
          # /usr/local/bundle/gems/selenium-webdriver-4.40.0/lib/selenium/webdriver/remote/http/default.rb:103:in 'Selenium::WebDriver::Remote::Http::Default#request'
          # /usr/local/bundle/gems/selenium-webdriver-4.40.0/lib/selenium/webdriver/remote/http/common.rb:70:in 'Selenium::WebDriver::Remote::Http::Common#call'
          # /usr/local/bundle/gems/selenium-webdriver-4.40.0/lib/selenium/webdriver/remote/bridge.rb:633:in 'Selenium::WebDriver::Remote::Bridge#execute'
          # /usr/local/bundle/gems/selenium-webdriver-4.40.0/lib/selenium/webdriver/remote/bridge.rb:300:in 'Selenium::WebDriver::Remote::Bridge#screenshot'
          # /usr/local/bundle/gems/selenium-webdriver-4.40.0/lib/selenium/webdriver/common/driver.rb:330:in 'Selenium::WebDriver::Driver#screenshot'
          # /usr/local/bundle/gems/selenium-webdriver-4.40.0/lib/selenium/webdriver/common/takes_screenshot.rb:59:in 'Selenium::WebDriver::TakesScreenshot#screenshot_as'
          # /usr/local/bundle/gems/selenium-webdriver-4.40.0/lib/selenium/webdriver/common/takes_screenshot.rb:61:in 'Selenium::WebDriver::TakesScreenshot#screenshot_as'
          # /usr/local/bundle/gems/selenium-webdriver-4.40.0/lib/selenium/webdriver/common/takes_screenshot.rb:40:in 'block in Selenium::WebDriver::TakesScreenshot#save_screenshot'
          # /usr/local/bundle/gems/selenium-webdriver-4.40.0/lib/selenium/webdriver/common/takes_screenshot.rb:40:in 'IO.open'
          # /usr/local/bundle/gems/selenium-webdriver-4.40.0/lib/selenium/webdriver/common/takes_screenshot.rb:40:in 'Selenium::WebDriver::TakesScreenshot#save_screenshot'
          # /usr/local/bundle/gems/capybara-3.40.0/lib/capybara/selenium/driver.rb:152:in 'Capybara::Selenium::Driver#save_screenshot'
          # /usr/local/bundle/gems/capybara-3.40.0/lib/capybara/session.rb:748:in 'block in Capybara::Session#save_screenshot'
          # /usr/local/bundle/gems/capybara-3.40.0/lib/capybara/session.rb:748:in 'Capybara::Session#save_screenshot'
          # ------------------
          # --- Caused by: ---
          # Selenium::WebDriver::Error::WebDriverError:
          #   #0 0x555d54671ca7 <unknown>
#1 0x555d54348c9c <unknown>
#2 0x555d54333ba9 <unknown>
#3 0x555d543338a9 <unknown>
#4 0x555d5434b9aa <unknown>
#5 0x555d543cca18 <unknown>
#6 0x555d543afce7 <unknown>
#7 0x555d543826b1 <unknown>
#8 0x555d543834c6 <unknown>
#9 0x555d5463f55a <unknown>
#10 0x555d546428ea <unknown>
#11 0x555d54642393 <unknown>
#12 0x555d54642d79 <unknown>
#13 0x555d5462fb2f <unknown>
#14 0x555d54643134 <unknown>
#15 0x555d546185aa <unknown>
#16 0x555d54662459 <unknown>
#17 0x555d54662646 <unknown>
#18 0x555d54671193 <unknown>
#19 0x7f96286a8134 <unknown>


     8.3) Failure/Error: raise ex, cause: cause

          Selenium::WebDriver::Error::WebDriverError:
            disconnected: not connected to DevTools
              (failed to check if window was closed: disconnected: not connected to DevTools)
              (Session info: chrome-headless-shell=124.0.6367.78)
          # /usr/local/bundle/gems/selenium-webdriver-4.40.0/lib/selenium/webdriver/remote/response.rb:63:in 'Selenium::WebDriver::Remote::Response#add_cause'
          # /usr/local/bundle/gems/selenium-webdriver-4.40.0/lib/selenium/webdriver/remote/response.rb:41:in 'Selenium::WebDriver::Remote::Response#error'
          # /usr/local/bundle/gems/selenium-webdriver-4.40.0/lib/selenium/webdriver/remote/response.rb:52:in 'Selenium::WebDriver::Remote::Response#assert_ok'
          # /usr/local/bundle/gems/selenium-webdriver-4.40.0/lib/selenium/webdriver/remote/response.rb:34:in 'Selenium::WebDriver::Remote::Response#initialize'
          # /usr/local/bundle/gems/selenium-webdriver-4.40.0/lib/selenium/webdriver/remote/http/common.rb:135:in 'Class#new'
          # /usr/local/bundle/gems/selenium-webdriver-4.40.0/lib/selenium/webdriver/remote/http/common.rb:135:in 'Selenium::WebDriver::Remote::Http::Common#create_response'
          # /usr/local/bundle/gems/selenium-webdriver-4.40.0/lib/selenium/webdriver/remote/http/default.rb:103:in 'Selenium::WebDriver::Remote::Http::Default#request'
          # /usr/local/bundle/gems/selenium-webdriver-4.40.0/lib/selenium/webdriver/remote/http/common.rb:70:in 'Selenium::WebDriver::Remote::Http::Common#call'
          # /usr/local/bundle/gems/selenium-webdriver-4.40.0/lib/selenium/webdriver/remote/bridge.rb:633:in 'Selenium::WebDriver::Remote::Bridge#execute'
          # /usr/local/bundle/gems/selenium-webdriver-4.40.0/lib/selenium/webdriver/remote/bridge.rb:348:in 'Selenium::WebDriver::Remote::Bridge#delete_all_cookies'
          # /usr/local/bundle/gems/selenium-webdriver-4.40.0/lib/selenium/webdriver/common/manager.rb:92:in 'Selenium::WebDriver::Manager#delete_all_cookies'
          # /usr/local/bundle/gems/capybara-3.40.0/lib/capybara/selenium/driver.rb:345:in 'Capybara::Selenium::Driver#delete_all_cookies'
          # /usr/local/bundle/gems/capybara-3.40.0/lib/capybara/selenium/driver.rb:328:in 'Capybara::Selenium::Driver#clear_browser_state'
          # /usr/local/bundle/gems/capybara-3.40.0/lib/capybara/selenium/driver.rb:485:in 'Capybara::Selenium::Driver#reset_browser_state'
          # /usr/local/bundle/gems/capybara-3.40.0/lib/capybara/selenium/driver.rb:164:in 'Capybara::Selenium::Driver#reset!'
          # /usr/local/bundle/gems/capybara-3.40.0/lib/capybara/session.rb:132:in 'Capybara::Session#reset!'
          # /usr/local/bundle/gems/capybara-3.40.0/lib/capybara.rb:327:in 'block in Capybara.reset_sessions!'
          # /usr/local/bundle/gems/capybara-3.40.0/lib/capybara.rb:327:in 'Enumerable#reverse_each'
          # /usr/local/bundle/gems/capybara-3.40.0/lib/capybara.rb:327:in 'Capybara.reset_sessions!'
          # /usr/local/bundle/gems/capybara-3.40.0/lib/capybara/rspec.rb:20:in 'block (2 levels) in <top (required)>'
          # ------------------
          # --- Caused by: ---
          # Selenium::WebDriver::Error::WebDriverError:
          #   #0 0x555d54671ca7 <unknown>
#1 0x555d54348c9c <unknown>
#2 0x555d54333ba9 <unknown>
#3 0x555d543338a9 <unknown>
#4 0x555d5434b9aa <unknown>
#5 0x555d543cca18 <unknown>
#6 0x555d543afce7 <unknown>
#7 0x555d543826b1 <unknown>
#8 0x555d543834c6 <unknown>
#9 0x555d5463f55a <unknown>
#10 0x555d546428ea <unknown>
#11 0x555d54642393 <unknown>
#12 0x555d54642d79 <unknown>
#13 0x555d5462fb2f <unknown>
#14 0x555d54643134 <unknown>
#15 0x555d546185aa <unknown>
#16 0x555d54662459 <unknown>
#17 0x555d54662646 <unknown>
#18 0x555d54671193 <unknown>
#19 0x7f96286a8134 <unknown>


     8.4) Failure/Error: raise ex, cause: cause

          Selenium::WebDriver::Error::WebDriverError:
            disconnected: not connected to DevTools
              (failed to check if window was closed: disconnected: not connected to DevTools)
              (Session info: chrome-headless-shell=124.0.6367.78)
          # /usr/local/bundle/gems/selenium-webdriver-4.40.0/lib/selenium/webdriver/remote/response.rb:63:in 'Selenium::WebDriver::Remote::Response#add_cause'
          # /usr/local/bundle/gems/selenium-webdriver-4.40.0/lib/selenium/webdriver/remote/response.rb:41:in 'Selenium::WebDriver::Remote::Response#error'
          # /usr/local/bundle/gems/selenium-webdriver-4.40.0/lib/selenium/webdriver/remote/response.rb:52:in 'Selenium::WebDriver::Remote::Response#assert_ok'
          # /usr/local/bundle/gems/selenium-webdriver-4.40.0/lib/selenium/webdriver/remote/response.rb:34:in 'Selenium::WebDriver::Remote::Response#initialize'
          # /usr/local/bundle/gems/selenium-webdriver-4.40.0/lib/selenium/webdriver/remote/http/common.rb:135:in 'Class#new'
          # /usr/local/bundle/gems/selenium-webdriver-4.40.0/lib/selenium/webdriver/remote/http/common.rb:135:in 'Selenium::WebDriver::Remote::Http::Common#create_response'
          # /usr/local/bundle/gems/selenium-webdriver-4.40.0/lib/selenium/webdriver/remote/http/default.rb:103:in 'Selenium::WebDriver::Remote::Http::Default#request'
          # /usr/local/bundle/gems/selenium-webdriver-4.40.0/lib/selenium/webdriver/remote/http/common.rb:70:in 'Selenium::WebDriver::Remote::Http::Common#call'
          # /usr/local/bundle/gems/selenium-webdriver-4.40.0/lib/selenium/webdriver/remote/bridge.rb:633:in 'Selenium::WebDriver::Remote::Bridge#execute'
          # /usr/local/bundle/gems/selenium-webdriver-4.40.0/lib/selenium/webdriver/remote/bridge.rb:348:in 'Selenium::WebDriver::Remote::Bridge#delete_all_cookies'
          # /usr/local/bundle/gems/selenium-webdriver-4.40.0/lib/selenium/webdriver/common/manager.rb:92:in 'Selenium::WebDriver::Manager#delete_all_cookies'
          # /usr/local/bundle/gems/capybara-3.40.0/lib/capybara/selenium/driver.rb:345:in 'Capybara::Selenium::Driver#delete_all_cookies'
          # /usr/local/bundle/gems/capybara-3.40.0/lib/capybara/selenium/driver.rb:328:in 'Capybara::Selenium::Driver#clear_browser_state'
          # /usr/local/bundle/gems/capybara-3.40.0/lib/capybara/selenium/driver.rb:485:in 'Capybara::Selenium::Driver#reset_browser_state'
          # /usr/local/bundle/gems/capybara-3.40.0/lib/capybara/selenium/driver.rb:164:in 'Capybara::Selenium::Driver#reset!'
          # /usr/local/bundle/gems/capybara-3.40.0/lib/capybara/session.rb:132:in 'Capybara::Session#reset!'
          # /usr/local/bundle/gems/capybara-3.40.0/lib/capybara.rb:327:in 'block in Capybara.reset_sessions!'
          # /usr/local/bundle/gems/capybara-3.40.0/lib/capybara.rb:327:in 'Enumerable#reverse_each'
          # /usr/local/bundle/gems/capybara-3.40.0/lib/capybara.rb:327:in 'Capybara.reset_sessions!'
          # ------------------
          # --- Caused by: ---
          # Selenium::WebDriver::Error::WebDriverError:
          #   #0 0x555d54671ca7 <unknown>
#1 0x555d54348c9c <unknown>
#2 0x555d54333ba9 <unknown>
#3 0x555d543338a9 <unknown>
#4 0x555d5434b9aa <unknown>
#5 0x555d543cca18 <unknown>
#6 0x555d543afce7 <unknown>
#7 0x555d543826b1 <unknown>
#8 0x555d543834c6 <unknown>
#9 0x555d5463f55a <unknown>
#10 0x555d546428ea <unknown>
#11 0x555d54642393 <unknown>
#12 0x555d54642d79 <unknown>
#13 0x555d5462fb2f <unknown>
#14 0x555d54643134 <unknown>
#15 0x555d546185aa <unknown>
#16 0x555d54662459 <unknown>
#17 0x555d54662646 <unknown>
#18 0x555d54671193 <unknown>
#19 0x7f96286a8134 <unknown>


  9) Likes いいね機能 正常系 いいね解除できる
     Got 0 failures and 4 other errors:

     9.1) Failure/Error: visit login_path

          Selenium::WebDriver::Error::WebDriverError:
            disconnected: not connected to DevTools
              (failed to check if window was closed: disconnected: not connected to DevTools)
              (Session info: chrome-headless-shell=124.0.6367.78)
          # /usr/local/bundle/gems/selenium-webdriver-4.40.0/lib/selenium/webdriver/remote/response.rb:63:in 'Selenium::WebDriver::Remote::Response#add_cause'
          # /usr/local/bundle/gems/selenium-webdriver-4.40.0/lib/selenium/webdriver/remote/response.rb:41:in 'Selenium::WebDriver::Remote::Response#error'
          # /usr/local/bundle/gems/selenium-webdriver-4.40.0/lib/selenium/webdriver/remote/response.rb:52:in 'Selenium::WebDriver::Remote::Response#assert_ok'
          # /usr/local/bundle/gems/selenium-webdriver-4.40.0/lib/selenium/webdriver/remote/response.rb:34:in 'Selenium::WebDriver::Remote::Response#initialize'
          # /usr/local/bundle/gems/selenium-webdriver-4.40.0/lib/selenium/webdriver/remote/http/common.rb:135:in 'Class#new'
          # /usr/local/bundle/gems/selenium-webdriver-4.40.0/lib/selenium/webdriver/remote/http/common.rb:135:in 'Selenium::WebDriver::Remote::Http::Common#create_response'
          # /usr/local/bundle/gems/selenium-webdriver-4.40.0/lib/selenium/webdriver/remote/http/default.rb:103:in 'Selenium::WebDriver::Remote::Http::Default#request'
          # /usr/local/bundle/gems/selenium-webdriver-4.40.0/lib/selenium/webdriver/remote/http/common.rb:70:in 'Selenium::WebDriver::Remote::Http::Common#call'
          # /usr/local/bundle/gems/selenium-webdriver-4.40.0/lib/selenium/webdriver/remote/bridge.rb:633:in 'Selenium::WebDriver::Remote::Bridge#execute'
          # /usr/local/bundle/gems/selenium-webdriver-4.40.0/lib/selenium/webdriver/remote/bridge.rb:119:in 'Selenium::WebDriver::Remote::Bridge#get'
          # /usr/local/bundle/gems/selenium-webdriver-4.40.0/lib/selenium/webdriver/common/navigation.rb:32:in 'Selenium::WebDriver::Navigation#to'
          # /usr/local/bundle/gems/capybara-3.40.0/lib/capybara/selenium/driver.rb:95:in 'Capybara::Selenium::Driver#visit'
          # /usr/local/bundle/gems/capybara-3.40.0/lib/capybara/session.rb:281:in 'Capybara::Session#visit'
          # /usr/local/bundle/gems/capybara-3.40.0/lib/capybara/dsl.rb:52:in 'Method#call'
          # /usr/local/bundle/gems/capybara-3.40.0/lib/capybara/dsl.rb:52:in 'Capybara::DSL#visit'
          # ./spec/support/login_macros.rb:3:in 'LoginMacros#login_as'
          # ./spec/system/likes_spec.rb:9:in 'block (3 levels) in <top (required)>'
          # ------------------
          # --- Caused by: ---
          # Selenium::WebDriver::Error::WebDriverError:
          #   #0 0x555d54671ca7 <unknown>
#1 0x555d54348c9c <unknown>
#2 0x555d54333ba9 <unknown>
#3 0x555d543338a9 <unknown>
#4 0x555d5434b9aa <unknown>
#5 0x555d543cca18 <unknown>
#6 0x555d543afce7 <unknown>
#7 0x555d543826b1 <unknown>
#8 0x555d543834c6 <unknown>
#9 0x555d5463f55a <unknown>
#10 0x555d546428ea <unknown>
#11 0x555d54642393 <unknown>
#12 0x555d54642d79 <unknown>
#13 0x555d5462fb2f <unknown>
#14 0x555d54643134 <unknown>
#15 0x555d546185aa <unknown>
#16 0x555d54662459 <unknown>
#17 0x555d54662646 <unknown>
#18 0x555d54671193 <unknown>
#19 0x7f96286a8134 <unknown>


     9.2) Failure/Error: raise ex, cause: cause

          Selenium::WebDriver::Error::WebDriverError:
            disconnected: not connected to DevTools
              (failed to check if window was closed: disconnected: not connected to DevTools)
              (Session info: chrome-headless-shell=124.0.6367.78)
          # /usr/local/bundle/gems/selenium-webdriver-4.40.0/lib/selenium/webdriver/remote/response.rb:63:in 'Selenium::WebDriver::Remote::Response#add_cause'
          # /usr/local/bundle/gems/selenium-webdriver-4.40.0/lib/selenium/webdriver/remote/response.rb:41:in 'Selenium::WebDriver::Remote::Response#error'
          # /usr/local/bundle/gems/selenium-webdriver-4.40.0/lib/selenium/webdriver/remote/response.rb:52:in 'Selenium::WebDriver::Remote::Response#assert_ok'
          # /usr/local/bundle/gems/selenium-webdriver-4.40.0/lib/selenium/webdriver/remote/response.rb:34:in 'Selenium::WebDriver::Remote::Response#initialize'
          # /usr/local/bundle/gems/selenium-webdriver-4.40.0/lib/selenium/webdriver/remote/http/common.rb:135:in 'Class#new'
          # /usr/local/bundle/gems/selenium-webdriver-4.40.0/lib/selenium/webdriver/remote/http/common.rb:135:in 'Selenium::WebDriver::Remote::Http::Common#create_response'
          # /usr/local/bundle/gems/selenium-webdriver-4.40.0/lib/selenium/webdriver/remote/http/default.rb:103:in 'Selenium::WebDriver::Remote::Http::Default#request'
          # /usr/local/bundle/gems/selenium-webdriver-4.40.0/lib/selenium/webdriver/remote/http/common.rb:70:in 'Selenium::WebDriver::Remote::Http::Common#call'
          # /usr/local/bundle/gems/selenium-webdriver-4.40.0/lib/selenium/webdriver/remote/bridge.rb:633:in 'Selenium::WebDriver::Remote::Bridge#execute'
          # /usr/local/bundle/gems/selenium-webdriver-4.40.0/lib/selenium/webdriver/remote/bridge.rb:300:in 'Selenium::WebDriver::Remote::Bridge#screenshot'
          # /usr/local/bundle/gems/selenium-webdriver-4.40.0/lib/selenium/webdriver/common/driver.rb:330:in 'Selenium::WebDriver::Driver#screenshot'
          # /usr/local/bundle/gems/selenium-webdriver-4.40.0/lib/selenium/webdriver/common/takes_screenshot.rb:59:in 'Selenium::WebDriver::TakesScreenshot#screenshot_as'
          # /usr/local/bundle/gems/selenium-webdriver-4.40.0/lib/selenium/webdriver/common/takes_screenshot.rb:61:in 'Selenium::WebDriver::TakesScreenshot#screenshot_as'
          # /usr/local/bundle/gems/selenium-webdriver-4.40.0/lib/selenium/webdriver/common/takes_screenshot.rb:40:in 'block in Selenium::WebDriver::TakesScreenshot#save_screenshot'
          # /usr/local/bundle/gems/selenium-webdriver-4.40.0/lib/selenium/webdriver/common/takes_screenshot.rb:40:in 'IO.open'
          # /usr/local/bundle/gems/selenium-webdriver-4.40.0/lib/selenium/webdriver/common/takes_screenshot.rb:40:in 'Selenium::WebDriver::TakesScreenshot#save_screenshot'
          # /usr/local/bundle/gems/capybara-3.40.0/lib/capybara/selenium/driver.rb:152:in 'Capybara::Selenium::Driver#save_screenshot'
          # /usr/local/bundle/gems/capybara-3.40.0/lib/capybara/session.rb:748:in 'block in Capybara::Session#save_screenshot'
          # /usr/local/bundle/gems/capybara-3.40.0/lib/capybara/session.rb:748:in 'Capybara::Session#save_screenshot'
          # ------------------
          # --- Caused by: ---
          # Selenium::WebDriver::Error::WebDriverError:
          #   #0 0x555d54671ca7 <unknown>
#1 0x555d54348c9c <unknown>
#2 0x555d54333ba9 <unknown>
#3 0x555d543338a9 <unknown>
#4 0x555d5434b9aa <unknown>
#5 0x555d543cca18 <unknown>
#6 0x555d543afce7 <unknown>
#7 0x555d543826b1 <unknown>
#8 0x555d543834c6 <unknown>
#9 0x555d5463f55a <unknown>
#10 0x555d546428ea <unknown>
#11 0x555d54642393 <unknown>
#12 0x555d54642d79 <unknown>
#13 0x555d5462fb2f <unknown>
#14 0x555d54643134 <unknown>
#15 0x555d546185aa <unknown>
#16 0x555d54662459 <unknown>
#17 0x555d54662646 <unknown>
#18 0x555d54671193 <unknown>
#19 0x7f96286a8134 <unknown>


     9.3) Failure/Error: raise ex, cause: cause

          Selenium::WebDriver::Error::WebDriverError:
            disconnected: not connected to DevTools
              (failed to check if window was closed: disconnected: not connected to DevTools)
              (Session info: chrome-headless-shell=124.0.6367.78)
          # /usr/local/bundle/gems/selenium-webdriver-4.40.0/lib/selenium/webdriver/remote/response.rb:63:in 'Selenium::WebDriver::Remote::Response#add_cause'
          # /usr/local/bundle/gems/selenium-webdriver-4.40.0/lib/selenium/webdriver/remote/response.rb:41:in 'Selenium::WebDriver::Remote::Response#error'
          # /usr/local/bundle/gems/selenium-webdriver-4.40.0/lib/selenium/webdriver/remote/response.rb:52:in 'Selenium::WebDriver::Remote::Response#assert_ok'
          # /usr/local/bundle/gems/selenium-webdriver-4.40.0/lib/selenium/webdriver/remote/response.rb:34:in 'Selenium::WebDriver::Remote::Response#initialize'
          # /usr/local/bundle/gems/selenium-webdriver-4.40.0/lib/selenium/webdriver/remote/http/common.rb:135:in 'Class#new'
          # /usr/local/bundle/gems/selenium-webdriver-4.40.0/lib/selenium/webdriver/remote/http/common.rb:135:in 'Selenium::WebDriver::Remote::Http::Common#create_response'
          # /usr/local/bundle/gems/selenium-webdriver-4.40.0/lib/selenium/webdriver/remote/http/default.rb:103:in 'Selenium::WebDriver::Remote::Http::Default#request'
          # /usr/local/bundle/gems/selenium-webdriver-4.40.0/lib/selenium/webdriver/remote/http/common.rb:70:in 'Selenium::WebDriver::Remote::Http::Common#call'
          # /usr/local/bundle/gems/selenium-webdriver-4.40.0/lib/selenium/webdriver/remote/bridge.rb:633:in 'Selenium::WebDriver::Remote::Bridge#execute'
          # /usr/local/bundle/gems/selenium-webdriver-4.40.0/lib/selenium/webdriver/remote/bridge.rb:348:in 'Selenium::WebDriver::Remote::Bridge#delete_all_cookies'
          # /usr/local/bundle/gems/selenium-webdriver-4.40.0/lib/selenium/webdriver/common/manager.rb:92:in 'Selenium::WebDriver::Manager#delete_all_cookies'
          # /usr/local/bundle/gems/capybara-3.40.0/lib/capybara/selenium/driver.rb:345:in 'Capybara::Selenium::Driver#delete_all_cookies'
          # /usr/local/bundle/gems/capybara-3.40.0/lib/capybara/selenium/driver.rb:328:in 'Capybara::Selenium::Driver#clear_browser_state'
          # /usr/local/bundle/gems/capybara-3.40.0/lib/capybara/selenium/driver.rb:485:in 'Capybara::Selenium::Driver#reset_browser_state'
          # /usr/local/bundle/gems/capybara-3.40.0/lib/capybara/selenium/driver.rb:164:in 'Capybara::Selenium::Driver#reset!'
          # /usr/local/bundle/gems/capybara-3.40.0/lib/capybara/session.rb:132:in 'Capybara::Session#reset!'
          # /usr/local/bundle/gems/capybara-3.40.0/lib/capybara.rb:327:in 'block in Capybara.reset_sessions!'
          # /usr/local/bundle/gems/capybara-3.40.0/lib/capybara.rb:327:in 'Enumerable#reverse_each'
          # /usr/local/bundle/gems/capybara-3.40.0/lib/capybara.rb:327:in 'Capybara.reset_sessions!'
          # /usr/local/bundle/gems/capybara-3.40.0/lib/capybara/rspec.rb:20:in 'block (2 levels) in <top (required)>'
          # ------------------
          # --- Caused by: ---
          # Selenium::WebDriver::Error::WebDriverError:
          #   #0 0x555d54671ca7 <unknown>
#1 0x555d54348c9c <unknown>
#2 0x555d54333ba9 <unknown>
#3 0x555d543338a9 <unknown>
#4 0x555d5434b9aa <unknown>
#5 0x555d543cca18 <unknown>
#6 0x555d543afce7 <unknown>
#7 0x555d543826b1 <unknown>
#8 0x555d543834c6 <unknown>
#9 0x555d5463f55a <unknown>
#10 0x555d546428ea <unknown>
#11 0x555d54642393 <unknown>
#12 0x555d54642d79 <unknown>
#13 0x555d5462fb2f <unknown>
#14 0x555d54643134 <unknown>
#15 0x555d546185aa <unknown>
#16 0x555d54662459 <unknown>
#17 0x555d54662646 <unknown>
#18 0x555d54671193 <unknown>
#19 0x7f96286a8134 <unknown>


     9.4) Failure/Error: raise ex, cause: cause

          Selenium::WebDriver::Error::WebDriverError:
            disconnected: not connected to DevTools
              (failed to check if window was closed: disconnected: not connected to DevTools)
              (Session info: chrome-headless-shell=124.0.6367.78)
          # /usr/local/bundle/gems/selenium-webdriver-4.40.0/lib/selenium/webdriver/remote/response.rb:63:in 'Selenium::WebDriver::Remote::Response#add_cause'
          # /usr/local/bundle/gems/selenium-webdriver-4.40.0/lib/selenium/webdriver/remote/response.rb:41:in 'Selenium::WebDriver::Remote::Response#error'
          # /usr/local/bundle/gems/selenium-webdriver-4.40.0/lib/selenium/webdriver/remote/response.rb:52:in 'Selenium::WebDriver::Remote::Response#assert_ok'
          # /usr/local/bundle/gems/selenium-webdriver-4.40.0/lib/selenium/webdriver/remote/response.rb:34:in 'Selenium::WebDriver::Remote::Response#initialize'
          # /usr/local/bundle/gems/selenium-webdriver-4.40.0/lib/selenium/webdriver/remote/http/common.rb:135:in 'Class#new'
          # /usr/local/bundle/gems/selenium-webdriver-4.40.0/lib/selenium/webdriver/remote/http/common.rb:135:in 'Selenium::WebDriver::Remote::Http::Common#create_response'
          # /usr/local/bundle/gems/selenium-webdriver-4.40.0/lib/selenium/webdriver/remote/http/default.rb:103:in 'Selenium::WebDriver::Remote::Http::Default#request'
          # /usr/local/bundle/gems/selenium-webdriver-4.40.0/lib/selenium/webdriver/remote/http/common.rb:70:in 'Selenium::WebDriver::Remote::Http::Common#call'
          # /usr/local/bundle/gems/selenium-webdriver-4.40.0/lib/selenium/webdriver/remote/bridge.rb:633:in 'Selenium::WebDriver::Remote::Bridge#execute'
          # /usr/local/bundle/gems/selenium-webdriver-4.40.0/lib/selenium/webdriver/remote/bridge.rb:348:in 'Selenium::WebDriver::Remote::Bridge#delete_all_cookies'
          # /usr/local/bundle/gems/selenium-webdriver-4.40.0/lib/selenium/webdriver/common/manager.rb:92:in 'Selenium::WebDriver::Manager#delete_all_cookies'
          # /usr/local/bundle/gems/capybara-3.40.0/lib/capybara/selenium/driver.rb:345:in 'Capybara::Selenium::Driver#delete_all_cookies'
          # /usr/local/bundle/gems/capybara-3.40.0/lib/capybara/selenium/driver.rb:328:in 'Capybara::Selenium::Driver#clear_browser_state'
          # /usr/local/bundle/gems/capybara-3.40.0/lib/capybara/selenium/driver.rb:485:in 'Capybara::Selenium::Driver#reset_browser_state'
          # /usr/local/bundle/gems/capybara-3.40.0/lib/capybara/selenium/driver.rb:164:in 'Capybara::Selenium::Driver#reset!'
          # /usr/local/bundle/gems/capybara-3.40.0/lib/capybara/session.rb:132:in 'Capybara::Session#reset!'
          # /usr/local/bundle/gems/capybara-3.40.0/lib/capybara.rb:327:in 'block in Capybara.reset_sessions!'
          # /usr/local/bundle/gems/capybara-3.40.0/lib/capybara.rb:327:in 'Enumerable#reverse_each'
          # /usr/local/bundle/gems/capybara-3.40.0/lib/capybara.rb:327:in 'Capybara.reset_sessions!'
          # ------------------
          # --- Caused by: ---
          # Selenium::WebDriver::Error::WebDriverError:
          #   #0 0x555d54671ca7 <unknown>
#1 0x555d54348c9c <unknown>
#2 0x555d54333ba9 <unknown>
#3 0x555d543338a9 <unknown>
#4 0x555d5434b9aa <unknown>
#5 0x555d543cca18 <unknown>
#6 0x555d543afce7 <unknown>
#7 0x555d543826b1 <unknown>
#8 0x555d543834c6 <unknown>
#9 0x555d5463f55a <unknown>
#10 0x555d546428ea <unknown>
#11 0x555d54642393 <unknown>
#12 0x555d54642d79 <unknown>
#13 0x555d5462fb2f <unknown>
#14 0x555d54643134 <unknown>
#15 0x555d546185aa <unknown>
#16 0x555d54662459 <unknown>
#17 0x555d54662646 <unknown>
#18 0x555d54671193 <unknown>
#19 0x7f96286a8134 <unknown>


  10) Profiles プロフィールの表示と編集 一般ユーザー 正常系 プロフィールが表示される
      Got 0 failures and 2 other errors:

      10.1) Failure/Error: raise ex, cause: cause

            Selenium::WebDriver::Error::WebDriverError:
              disconnected: not connected to DevTools
                (failed to check if window was closed: disconnected: not connected to DevTools)
                (Session info: chrome-headless-shell=124.0.6367.78)
            # /usr/local/bundle/gems/selenium-webdriver-4.40.0/lib/selenium/webdriver/remote/response.rb:63:in 'Selenium::WebDriver::Remote::Response#add_cause'
            # /usr/local/bundle/gems/selenium-webdriver-4.40.0/lib/selenium/webdriver/remote/response.rb:41:in 'Selenium::WebDriver::Remote::Response#error'
            # /usr/local/bundle/gems/selenium-webdriver-4.40.0/lib/selenium/webdriver/remote/response.rb:52:in 'Selenium::WebDriver::Remote::Response#assert_ok'
            # /usr/local/bundle/gems/selenium-webdriver-4.40.0/lib/selenium/webdriver/remote/response.rb:34:in 'Selenium::WebDriver::Remote::Response#initialize'
            # /usr/local/bundle/gems/selenium-webdriver-4.40.0/lib/selenium/webdriver/remote/http/common.rb:135:in 'Class#new'
            # /usr/local/bundle/gems/selenium-webdriver-4.40.0/lib/selenium/webdriver/remote/http/common.rb:135:in 'Selenium::WebDriver::Remote::Http::Common#create_response'
            # /usr/local/bundle/gems/selenium-webdriver-4.40.0/lib/selenium/webdriver/remote/http/default.rb:103:in 'Selenium::WebDriver::Remote::Http::Default#request'
            # /usr/local/bundle/gems/selenium-webdriver-4.40.0/lib/selenium/webdriver/remote/http/common.rb:70:in 'Selenium::WebDriver::Remote::Http::Common#call'
            # /usr/local/bundle/gems/selenium-webdriver-4.40.0/lib/selenium/webdriver/remote/bridge.rb:633:in 'Selenium::WebDriver::Remote::Bridge#execute'
            # /usr/local/bundle/gems/selenium-webdriver-4.40.0/lib/selenium/webdriver/remote/bridge.rb:348:in 'Selenium::WebDriver::Remote::Bridge#delete_all_cookies'
            # /usr/local/bundle/gems/selenium-webdriver-4.40.0/lib/selenium/webdriver/common/manager.rb:92:in 'Selenium::WebDriver::Manager#delete_all_cookies'
            # /usr/local/bundle/gems/capybara-3.40.0/lib/capybara/selenium/driver.rb:345:in 'Capybara::Selenium::Driver#delete_all_cookies'
            # /usr/local/bundle/gems/capybara-3.40.0/lib/capybara/selenium/driver.rb:328:in 'Capybara::Selenium::Driver#clear_browser_state'
            # /usr/local/bundle/gems/capybara-3.40.0/lib/capybara/selenium/driver.rb:485:in 'Capybara::Selenium::Driver#reset_browser_state'
            # /usr/local/bundle/gems/capybara-3.40.0/lib/capybara/selenium/driver.rb:164:in 'Capybara::Selenium::Driver#reset!'
            # /usr/local/bundle/gems/capybara-3.40.0/lib/capybara/session.rb:132:in 'Capybara::Session#reset!'
            # /usr/local/bundle/gems/capybara-3.40.0/lib/capybara.rb:327:in 'block in Capybara.reset_sessions!'
            # /usr/local/bundle/gems/capybara-3.40.0/lib/capybara.rb:327:in 'Enumerable#reverse_each'
            # /usr/local/bundle/gems/capybara-3.40.0/lib/capybara.rb:327:in 'Capybara.reset_sessions!'
            # /usr/local/bundle/gems/capybara-3.40.0/lib/capybara/rspec.rb:20:in 'block (2 levels) in <top (required)>'
            # ------------------
            # --- Caused by: ---
            # Selenium::WebDriver::Error::WebDriverError:
            #   #0 0x555d54671ca7 <unknown>
#1 0x555d54348c9c <unknown>
#2 0x555d54333ba9 <unknown>
#3 0x555d543338a9 <unknown>
#4 0x555d5434b9aa <unknown>
#5 0x555d543cca18 <unknown>
#6 0x555d543afce7 <unknown>
#7 0x555d543826b1 <unknown>
#8 0x555d543834c6 <unknown>
#9 0x555d5463f55a <unknown>
#10 0x555d546428ea <unknown>
#11 0x555d54642393 <unknown>
#12 0x555d54642d79 <unknown>
#13 0x555d5462fb2f <unknown>
#14 0x555d54643134 <unknown>
#15 0x555d546185aa <unknown>
#16 0x555d54662459 <unknown>
#17 0x555d54662646 <unknown>
#18 0x555d54671193 <unknown>
#19 0x7f96286a8134 <unknown>


      10.2) Failure/Error: raise ex, cause: cause

            Selenium::WebDriver::Error::WebDriverError:
              disconnected: not connected to DevTools
                (failed to check if window was closed: disconnected: not connected to DevTools)
                (Session info: chrome-headless-shell=124.0.6367.78)
            # /usr/local/bundle/gems/selenium-webdriver-4.40.0/lib/selenium/webdriver/remote/response.rb:63:in 'Selenium::WebDriver::Remote::Response#add_cause'
            # /usr/local/bundle/gems/selenium-webdriver-4.40.0/lib/selenium/webdriver/remote/response.rb:41:in 'Selenium::WebDriver::Remote::Response#error'
            # /usr/local/bundle/gems/selenium-webdriver-4.40.0/lib/selenium/webdriver/remote/response.rb:52:in 'Selenium::WebDriver::Remote::Response#assert_ok'
            # /usr/local/bundle/gems/selenium-webdriver-4.40.0/lib/selenium/webdriver/remote/response.rb:34:in 'Selenium::WebDriver::Remote::Response#initialize'
            # /usr/local/bundle/gems/selenium-webdriver-4.40.0/lib/selenium/webdriver/remote/http/common.rb:135:in 'Class#new'
            # /usr/local/bundle/gems/selenium-webdriver-4.40.0/lib/selenium/webdriver/remote/http/common.rb:135:in 'Selenium::WebDriver::Remote::Http::Common#create_response'
            # /usr/local/bundle/gems/selenium-webdriver-4.40.0/lib/selenium/webdriver/remote/http/default.rb:103:in 'Selenium::WebDriver::Remote::Http::Default#request'
            # /usr/local/bundle/gems/selenium-webdriver-4.40.0/lib/selenium/webdriver/remote/http/common.rb:70:in 'Selenium::WebDriver::Remote::Http::Common#call'
            # /usr/local/bundle/gems/selenium-webdriver-4.40.0/lib/selenium/webdriver/remote/bridge.rb:633:in 'Selenium::WebDriver::Remote::Bridge#execute'
            # /usr/local/bundle/gems/selenium-webdriver-4.40.0/lib/selenium/webdriver/remote/bridge.rb:348:in 'Selenium::WebDriver::Remote::Bridge#delete_all_cookies'
            # /usr/local/bundle/gems/selenium-webdriver-4.40.0/lib/selenium/webdriver/common/manager.rb:92:in 'Selenium::WebDriver::Manager#delete_all_cookies'
            # /usr/local/bundle/gems/capybara-3.40.0/lib/capybara/selenium/driver.rb:345:in 'Capybara::Selenium::Driver#delete_all_cookies'
            # /usr/local/bundle/gems/capybara-3.40.0/lib/capybara/selenium/driver.rb:328:in 'Capybara::Selenium::Driver#clear_browser_state'
            # /usr/local/bundle/gems/capybara-3.40.0/lib/capybara/selenium/driver.rb:485:in 'Capybara::Selenium::Driver#reset_browser_state'
            # /usr/local/bundle/gems/capybara-3.40.0/lib/capybara/selenium/driver.rb:164:in 'Capybara::Selenium::Driver#reset!'
            # /usr/local/bundle/gems/capybara-3.40.0/lib/capybara/session.rb:132:in 'Capybara::Session#reset!'
            # /usr/local/bundle/gems/capybara-3.40.0/lib/capybara.rb:327:in 'block in Capybara.reset_sessions!'
            # /usr/local/bundle/gems/capybara-3.40.0/lib/capybara.rb:327:in 'Enumerable#reverse_each'
            # /usr/local/bundle/gems/capybara-3.40.0/lib/capybara.rb:327:in 'Capybara.reset_sessions!'
            # ------------------
            # --- Caused by: ---
            # Selenium::WebDriver::Error::WebDriverError:
            #   #0 0x555d54671ca7 <unknown>
#1 0x555d54348c9c <unknown>
#2 0x555d54333ba9 <unknown>
#3 0x555d543338a9 <unknown>
#4 0x555d5434b9aa <unknown>
#5 0x555d543cca18 <unknown>
#6 0x555d543afce7 <unknown>
#7 0x555d543826b1 <unknown>
#8 0x555d543834c6 <unknown>
#9 0x555d5463f55a <unknown>
#10 0x555d546428ea <unknown>
#11 0x555d54642393 <unknown>
#12 0x555d54642d79 <unknown>
#13 0x555d5462fb2f <unknown>
#14 0x555d54643134 <unknown>
#15 0x555d546185aa <unknown>
#16 0x555d54662459 <unknown>
#17 0x555d54662646 <unknown>
#18 0x555d54671193 <unknown>
#19 0x7f96286a8134 <unknown>


  11) Profiles プロフィールの表示と編集 一般ユーザー 正常系 プロフィールの編集ができる
      Got 0 failures and 4 other errors:

      11.1) Failure/Error: visit login_path

            Selenium::WebDriver::Error::WebDriverError:
              disconnected: not connected to DevTools
                (failed to check if window was closed: disconnected: not connected to DevTools)
                (Session info: chrome-headless-shell=124.0.6367.78)
            # /usr/local/bundle/gems/selenium-webdriver-4.40.0/lib/selenium/webdriver/remote/response.rb:63:in 'Selenium::WebDriver::Remote::Response#add_cause'
            # /usr/local/bundle/gems/selenium-webdriver-4.40.0/lib/selenium/webdriver/remote/response.rb:41:in 'Selenium::WebDriver::Remote::Response#error'
            # /usr/local/bundle/gems/selenium-webdriver-4.40.0/lib/selenium/webdriver/remote/response.rb:52:in 'Selenium::WebDriver::Remote::Response#assert_ok'
            # /usr/local/bundle/gems/selenium-webdriver-4.40.0/lib/selenium/webdriver/remote/response.rb:34:in 'Selenium::WebDriver::Remote::Response#initialize'
            # /usr/local/bundle/gems/selenium-webdriver-4.40.0/lib/selenium/webdriver/remote/http/common.rb:135:in 'Class#new'
            # /usr/local/bundle/gems/selenium-webdriver-4.40.0/lib/selenium/webdriver/remote/http/common.rb:135:in 'Selenium::WebDriver::Remote::Http::Common#create_response'
            # /usr/local/bundle/gems/selenium-webdriver-4.40.0/lib/selenium/webdriver/remote/http/default.rb:103:in 'Selenium::WebDriver::Remote::Http::Default#request'
            # /usr/local/bundle/gems/selenium-webdriver-4.40.0/lib/selenium/webdriver/remote/http/common.rb:70:in 'Selenium::WebDriver::Remote::Http::Common#call'
            # /usr/local/bundle/gems/selenium-webdriver-4.40.0/lib/selenium/webdriver/remote/bridge.rb:633:in 'Selenium::WebDriver::Remote::Bridge#execute'
            # /usr/local/bundle/gems/selenium-webdriver-4.40.0/lib/selenium/webdriver/remote/bridge.rb:119:in 'Selenium::WebDriver::Remote::Bridge#get'
            # /usr/local/bundle/gems/selenium-webdriver-4.40.0/lib/selenium/webdriver/common/navigation.rb:32:in 'Selenium::WebDriver::Navigation#to'
            # /usr/local/bundle/gems/capybara-3.40.0/lib/capybara/selenium/driver.rb:95:in 'Capybara::Selenium::Driver#visit'
            # /usr/local/bundle/gems/capybara-3.40.0/lib/capybara/session.rb:281:in 'Capybara::Session#visit'
            # /usr/local/bundle/gems/capybara-3.40.0/lib/capybara/dsl.rb:52:in 'Method#call'
            # /usr/local/bundle/gems/capybara-3.40.0/lib/capybara/dsl.rb:52:in 'Capybara::DSL#visit'
            # ./spec/support/login_macros.rb:3:in 'LoginMacros#login_as'
            # ./spec/system/profiles_spec.rb:7:in 'block (4 levels) in <top (required)>'
            # ------------------
            # --- Caused by: ---
            # Selenium::WebDriver::Error::WebDriverError:
            #   #0 0x555d54671ca7 <unknown>
#1 0x555d54348c9c <unknown>
#2 0x555d54333ba9 <unknown>
#3 0x555d543338a9 <unknown>
#4 0x555d5434b9aa <unknown>
#5 0x555d543cca18 <unknown>
#6 0x555d543afce7 <unknown>
#7 0x555d543826b1 <unknown>
#8 0x555d543834c6 <unknown>
#9 0x555d5463f55a <unknown>
#10 0x555d546428ea <unknown>
#11 0x555d54642393 <unknown>
#12 0x555d54642d79 <unknown>
#13 0x555d5462fb2f <unknown>
#14 0x555d54643134 <unknown>
#15 0x555d546185aa <unknown>
#16 0x555d54662459 <unknown>
#17 0x555d54662646 <unknown>
#18 0x555d54671193 <unknown>
#19 0x7f96286a8134 <unknown>


      11.2) Failure/Error: raise ex, cause: cause

            Selenium::WebDriver::Error::WebDriverError:
              disconnected: not connected to DevTools
                (failed to check if window was closed: disconnected: not connected to DevTools)
                (Session info: chrome-headless-shell=124.0.6367.78)
            # /usr/local/bundle/gems/selenium-webdriver-4.40.0/lib/selenium/webdriver/remote/response.rb:63:in 'Selenium::WebDriver::Remote::Response#add_cause'
            # /usr/local/bundle/gems/selenium-webdriver-4.40.0/lib/selenium/webdriver/remote/response.rb:41:in 'Selenium::WebDriver::Remote::Response#error'
            # /usr/local/bundle/gems/selenium-webdriver-4.40.0/lib/selenium/webdriver/remote/response.rb:52:in 'Selenium::WebDriver::Remote::Response#assert_ok'
            # /usr/local/bundle/gems/selenium-webdriver-4.40.0/lib/selenium/webdriver/remote/response.rb:34:in 'Selenium::WebDriver::Remote::Response#initialize'
            # /usr/local/bundle/gems/selenium-webdriver-4.40.0/lib/selenium/webdriver/remote/http/common.rb:135:in 'Class#new'
            # /usr/local/bundle/gems/selenium-webdriver-4.40.0/lib/selenium/webdriver/remote/http/common.rb:135:in 'Selenium::WebDriver::Remote::Http::Common#create_response'
            # /usr/local/bundle/gems/selenium-webdriver-4.40.0/lib/selenium/webdriver/remote/http/default.rb:103:in 'Selenium::WebDriver::Remote::Http::Default#request'
            # /usr/local/bundle/gems/selenium-webdriver-4.40.0/lib/selenium/webdriver/remote/http/common.rb:70:in 'Selenium::WebDriver::Remote::Http::Common#call'
            # /usr/local/bundle/gems/selenium-webdriver-4.40.0/lib/selenium/webdriver/remote/bridge.rb:633:in 'Selenium::WebDriver::Remote::Bridge#execute'
            # /usr/local/bundle/gems/selenium-webdriver-4.40.0/lib/selenium/webdriver/remote/bridge.rb:300:in 'Selenium::WebDriver::Remote::Bridge#screenshot'
            # /usr/local/bundle/gems/selenium-webdriver-4.40.0/lib/selenium/webdriver/common/driver.rb:330:in 'Selenium::WebDriver::Driver#screenshot'
            # /usr/local/bundle/gems/selenium-webdriver-4.40.0/lib/selenium/webdriver/common/takes_screenshot.rb:59:in 'Selenium::WebDriver::TakesScreenshot#screenshot_as'
            # /usr/local/bundle/gems/selenium-webdriver-4.40.0/lib/selenium/webdriver/common/takes_screenshot.rb:61:in 'Selenium::WebDriver::TakesScreenshot#screenshot_as'
            # /usr/local/bundle/gems/selenium-webdriver-4.40.0/lib/selenium/webdriver/common/takes_screenshot.rb:40:in 'block in Selenium::WebDriver::TakesScreenshot#save_screenshot'
            # /usr/local/bundle/gems/selenium-webdriver-4.40.0/lib/selenium/webdriver/common/takes_screenshot.rb:40:in 'IO.open'
            # /usr/local/bundle/gems/selenium-webdriver-4.40.0/lib/selenium/webdriver/common/takes_screenshot.rb:40:in 'Selenium::WebDriver::TakesScreenshot#save_screenshot'
            # /usr/local/bundle/gems/capybara-3.40.0/lib/capybara/selenium/driver.rb:152:in 'Capybara::Selenium::Driver#save_screenshot'
            # /usr/local/bundle/gems/capybara-3.40.0/lib/capybara/session.rb:748:in 'block in Capybara::Session#save_screenshot'
            # /usr/local/bundle/gems/capybara-3.40.0/lib/capybara/session.rb:748:in 'Capybara::Session#save_screenshot'
            # ------------------
            # --- Caused by: ---
            # Selenium::WebDriver::Error::WebDriverError:
            #   #0 0x555d54671ca7 <unknown>
#1 0x555d54348c9c <unknown>
#2 0x555d54333ba9 <unknown>
#3 0x555d543338a9 <unknown>
#4 0x555d5434b9aa <unknown>
#5 0x555d543cca18 <unknown>
#6 0x555d543afce7 <unknown>
#7 0x555d543826b1 <unknown>
#8 0x555d543834c6 <unknown>
#9 0x555d5463f55a <unknown>
#10 0x555d546428ea <unknown>
#11 0x555d54642393 <unknown>
#12 0x555d54642d79 <unknown>
#13 0x555d5462fb2f <unknown>
#14 0x555d54643134 <unknown>
#15 0x555d546185aa <unknown>
#16 0x555d54662459 <unknown>
#17 0x555d54662646 <unknown>
#18 0x555d54671193 <unknown>
#19 0x7f96286a8134 <unknown>


      11.3) Failure/Error: raise ex, cause: cause

            Selenium::WebDriver::Error::WebDriverError:
              disconnected: not connected to DevTools
                (failed to check if window was closed: disconnected: not connected to DevTools)
                (Session info: chrome-headless-shell=124.0.6367.78)
            # /usr/local/bundle/gems/selenium-webdriver-4.40.0/lib/selenium/webdriver/remote/response.rb:63:in 'Selenium::WebDriver::Remote::Response#add_cause'
            # /usr/local/bundle/gems/selenium-webdriver-4.40.0/lib/selenium/webdriver/remote/response.rb:41:in 'Selenium::WebDriver::Remote::Response#error'
            # /usr/local/bundle/gems/selenium-webdriver-4.40.0/lib/selenium/webdriver/remote/response.rb:52:in 'Selenium::WebDriver::Remote::Response#assert_ok'
            # /usr/local/bundle/gems/selenium-webdriver-4.40.0/lib/selenium/webdriver/remote/response.rb:34:in 'Selenium::WebDriver::Remote::Response#initialize'
            # /usr/local/bundle/gems/selenium-webdriver-4.40.0/lib/selenium/webdriver/remote/http/common.rb:135:in 'Class#new'
            # /usr/local/bundle/gems/selenium-webdriver-4.40.0/lib/selenium/webdriver/remote/http/common.rb:135:in 'Selenium::WebDriver::Remote::Http::Common#create_response'
            # /usr/local/bundle/gems/selenium-webdriver-4.40.0/lib/selenium/webdriver/remote/http/default.rb:103:in 'Selenium::WebDriver::Remote::Http::Default#request'
            # /usr/local/bundle/gems/selenium-webdriver-4.40.0/lib/selenium/webdriver/remote/http/common.rb:70:in 'Selenium::WebDriver::Remote::Http::Common#call'
            # /usr/local/bundle/gems/selenium-webdriver-4.40.0/lib/selenium/webdriver/remote/bridge.rb:633:in 'Selenium::WebDriver::Remote::Bridge#execute'
            # /usr/local/bundle/gems/selenium-webdriver-4.40.0/lib/selenium/webdriver/remote/bridge.rb:348:in 'Selenium::WebDriver::Remote::Bridge#delete_all_cookies'
            # /usr/local/bundle/gems/selenium-webdriver-4.40.0/lib/selenium/webdriver/common/manager.rb:92:in 'Selenium::WebDriver::Manager#delete_all_cookies'
            # /usr/local/bundle/gems/capybara-3.40.0/lib/capybara/selenium/driver.rb:345:in 'Capybara::Selenium::Driver#delete_all_cookies'
            # /usr/local/bundle/gems/capybara-3.40.0/lib/capybara/selenium/driver.rb:328:in 'Capybara::Selenium::Driver#clear_browser_state'
            # /usr/local/bundle/gems/capybara-3.40.0/lib/capybara/selenium/driver.rb:485:in 'Capybara::Selenium::Driver#reset_browser_state'
            # /usr/local/bundle/gems/capybara-3.40.0/lib/capybara/selenium/driver.rb:164:in 'Capybara::Selenium::Driver#reset!'
            # /usr/local/bundle/gems/capybara-3.40.0/lib/capybara/session.rb:132:in 'Capybara::Session#reset!'
            # /usr/local/bundle/gems/capybara-3.40.0/lib/capybara.rb:327:in 'block in Capybara.reset_sessions!'
            # /usr/local/bundle/gems/capybara-3.40.0/lib/capybara.rb:327:in 'Enumerable#reverse_each'
            # /usr/local/bundle/gems/capybara-3.40.0/lib/capybara.rb:327:in 'Capybara.reset_sessions!'
            # /usr/local/bundle/gems/capybara-3.40.0/lib/capybara/rspec.rb:20:in 'block (2 levels) in <top (required)>'
            # ------------------
            # --- Caused by: ---
            # Selenium::WebDriver::Error::WebDriverError:
            #   #0 0x555d54671ca7 <unknown>
#1 0x555d54348c9c <unknown>
#2 0x555d54333ba9 <unknown>
#3 0x555d543338a9 <unknown>
#4 0x555d5434b9aa <unknown>
#5 0x555d543cca18 <unknown>
#6 0x555d543afce7 <unknown>
#7 0x555d543826b1 <unknown>
#8 0x555d543834c6 <unknown>
#9 0x555d5463f55a <unknown>
#10 0x555d546428ea <unknown>
#11 0x555d54642393 <unknown>
#12 0x555d54642d79 <unknown>
#13 0x555d5462fb2f <unknown>
#14 0x555d54643134 <unknown>
#15 0x555d546185aa <unknown>
#16 0x555d54662459 <unknown>
#17 0x555d54662646 <unknown>
#18 0x555d54671193 <unknown>
#19 0x7f96286a8134 <unknown>


      11.4) Failure/Error: raise ex, cause: cause

            Selenium::WebDriver::Error::WebDriverError:
              disconnected: not connected to DevTools
                (failed to check if window was closed: disconnected: not connected to DevTools)
                (Session info: chrome-headless-shell=124.0.6367.78)
            # /usr/local/bundle/gems/selenium-webdriver-4.40.0/lib/selenium/webdriver/remote/response.rb:63:in 'Selenium::WebDriver::Remote::Response#add_cause'
            # /usr/local/bundle/gems/selenium-webdriver-4.40.0/lib/selenium/webdriver/remote/response.rb:41:in 'Selenium::WebDriver::Remote::Response#error'
            # /usr/local/bundle/gems/selenium-webdriver-4.40.0/lib/selenium/webdriver/remote/response.rb:52:in 'Selenium::WebDriver::Remote::Response#assert_ok'
            # /usr/local/bundle/gems/selenium-webdriver-4.40.0/lib/selenium/webdriver/remote/response.rb:34:in 'Selenium::WebDriver::Remote::Response#initialize'
            # /usr/local/bundle/gems/selenium-webdriver-4.40.0/lib/selenium/webdriver/remote/http/common.rb:135:in 'Class#new'
            # /usr/local/bundle/gems/selenium-webdriver-4.40.0/lib/selenium/webdriver/remote/http/common.rb:135:in 'Selenium::WebDriver::Remote::Http::Common#create_response'
            # /usr/local/bundle/gems/selenium-webdriver-4.40.0/lib/selenium/webdriver/remote/http/default.rb:103:in 'Selenium::WebDriver::Remote::Http::Default#request'
            # /usr/local/bundle/gems/selenium-webdriver-4.40.0/lib/selenium/webdriver/remote/http/common.rb:70:in 'Selenium::WebDriver::Remote::Http::Common#call'
            # /usr/local/bundle/gems/selenium-webdriver-4.40.0/lib/selenium/webdriver/remote/bridge.rb:633:in 'Selenium::WebDriver::Remote::Bridge#execute'
            # /usr/local/bundle/gems/selenium-webdriver-4.40.0/lib/selenium/webdriver/remote/bridge.rb:348:in 'Selenium::WebDriver::Remote::Bridge#delete_all_cookies'
            # /usr/local/bundle/gems/selenium-webdriver-4.40.0/lib/selenium/webdriver/common/manager.rb:92:in 'Selenium::WebDriver::Manager#delete_all_cookies'
            # /usr/local/bundle/gems/capybara-3.40.0/lib/capybara/selenium/driver.rb:345:in 'Capybara::Selenium::Driver#delete_all_cookies'
            # /usr/local/bundle/gems/capybara-3.40.0/lib/capybara/selenium/driver.rb:328:in 'Capybara::Selenium::Driver#clear_browser_state'
            # /usr/local/bundle/gems/capybara-3.40.0/lib/capybara/selenium/driver.rb:485:in 'Capybara::Selenium::Driver#reset_browser_state'
            # /usr/local/bundle/gems/capybara-3.40.0/lib/capybara/selenium/driver.rb:164:in 'Capybara::Selenium::Driver#reset!'
            # /usr/local/bundle/gems/capybara-3.40.0/lib/capybara/session.rb:132:in 'Capybara::Session#reset!'
            # /usr/local/bundle/gems/capybara-3.40.0/lib/capybara.rb:327:in 'block in Capybara.reset_sessions!'
            # /usr/local/bundle/gems/capybara-3.40.0/lib/capybara.rb:327:in 'Enumerable#reverse_each'
            # /usr/local/bundle/gems/capybara-3.40.0/lib/capybara.rb:327:in 'Capybara.reset_sessions!'
            # ------------------
            # --- Caused by: ---
            # Selenium::WebDriver::Error::WebDriverError:
            #   #0 0x555d54671ca7 <unknown>
#1 0x555d54348c9c <unknown>
#2 0x555d54333ba9 <unknown>
#3 0x555d543338a9 <unknown>
#4 0x555d5434b9aa <unknown>
#5 0x555d543cca18 <unknown>
#6 0x555d543afce7 <unknown>
#7 0x555d543826b1 <unknown>
#8 0x555d543834c6 <unknown>
#9 0x555d5463f55a <unknown>
#10 0x555d546428ea <unknown>
#11 0x555d54642393 <unknown>
#12 0x555d54642d79 <unknown>
#13 0x555d5462fb2f <unknown>
#14 0x555d54643134 <unknown>
#15 0x555d546185aa <unknown>
#16 0x555d54662459 <unknown>
#17 0x555d54662646 <unknown>
#18 0x555d54671193 <unknown>
#19 0x7f96286a8134 <unknown>


  12) Profiles プロフィールの表示と編集 一般ユーザー 正常系 ユーザーが投稿した本の一覧が表示される
      Got 0 failures and 2 other errors:

      12.1) Failure/Error: raise ex, cause: cause

            Selenium::WebDriver::Error::WebDriverError:
              disconnected: not connected to DevTools
                (failed to check if window was closed: disconnected: not connected to DevTools)
                (Session info: chrome-headless-shell=124.0.6367.78)
            # /usr/local/bundle/gems/selenium-webdriver-4.40.0/lib/selenium/webdriver/remote/response.rb:63:in 'Selenium::WebDriver::Remote::Response#add_cause'
            # /usr/local/bundle/gems/selenium-webdriver-4.40.0/lib/selenium/webdriver/remote/response.rb:41:in 'Selenium::WebDriver::Remote::Response#error'
            # /usr/local/bundle/gems/selenium-webdriver-4.40.0/lib/selenium/webdriver/remote/response.rb:52:in 'Selenium::WebDriver::Remote::Response#assert_ok'
            # /usr/local/bundle/gems/selenium-webdriver-4.40.0/lib/selenium/webdriver/remote/response.rb:34:in 'Selenium::WebDriver::Remote::Response#initialize'
            # /usr/local/bundle/gems/selenium-webdriver-4.40.0/lib/selenium/webdriver/remote/http/common.rb:135:in 'Class#new'
            # /usr/local/bundle/gems/selenium-webdriver-4.40.0/lib/selenium/webdriver/remote/http/common.rb:135:in 'Selenium::WebDriver::Remote::Http::Common#create_response'
            # /usr/local/bundle/gems/selenium-webdriver-4.40.0/lib/selenium/webdriver/remote/http/default.rb:103:in 'Selenium::WebDriver::Remote::Http::Default#request'
            # /usr/local/bundle/gems/selenium-webdriver-4.40.0/lib/selenium/webdriver/remote/http/common.rb:70:in 'Selenium::WebDriver::Remote::Http::Common#call'
            # /usr/local/bundle/gems/selenium-webdriver-4.40.0/lib/selenium/webdriver/remote/bridge.rb:633:in 'Selenium::WebDriver::Remote::Bridge#execute'
            # /usr/local/bundle/gems/selenium-webdriver-4.40.0/lib/selenium/webdriver/remote/bridge.rb:348:in 'Selenium::WebDriver::Remote::Bridge#delete_all_cookies'
            # /usr/local/bundle/gems/selenium-webdriver-4.40.0/lib/selenium/webdriver/common/manager.rb:92:in 'Selenium::WebDriver::Manager#delete_all_cookies'
            # /usr/local/bundle/gems/capybara-3.40.0/lib/capybara/selenium/driver.rb:345:in 'Capybara::Selenium::Driver#delete_all_cookies'
            # /usr/local/bundle/gems/capybara-3.40.0/lib/capybara/selenium/driver.rb:328:in 'Capybara::Selenium::Driver#clear_browser_state'
            # /usr/local/bundle/gems/capybara-3.40.0/lib/capybara/selenium/driver.rb:485:in 'Capybara::Selenium::Driver#reset_browser_state'
            # /usr/local/bundle/gems/capybara-3.40.0/lib/capybara/selenium/driver.rb:164:in 'Capybara::Selenium::Driver#reset!'
            # /usr/local/bundle/gems/capybara-3.40.0/lib/capybara/session.rb:132:in 'Capybara::Session#reset!'
            # /usr/local/bundle/gems/capybara-3.40.0/lib/capybara.rb:327:in 'block in Capybara.reset_sessions!'
            # /usr/local/bundle/gems/capybara-3.40.0/lib/capybara.rb:327:in 'Enumerable#reverse_each'
            # /usr/local/bundle/gems/capybara-3.40.0/lib/capybara.rb:327:in 'Capybara.reset_sessions!'
            # /usr/local/bundle/gems/capybara-3.40.0/lib/capybara/rspec.rb:20:in 'block (2 levels) in <top (required)>'
            # ------------------
            # --- Caused by: ---
            # Selenium::WebDriver::Error::WebDriverError:
            #   #0 0x555d54671ca7 <unknown>
#1 0x555d54348c9c <unknown>
#2 0x555d54333ba9 <unknown>
#3 0x555d543338a9 <unknown>
#4 0x555d5434b9aa <unknown>
#5 0x555d543cca18 <unknown>
#6 0x555d543afce7 <unknown>
#7 0x555d543826b1 <unknown>
#8 0x555d543834c6 <unknown>
#9 0x555d5463f55a <unknown>
#10 0x555d546428ea <unknown>
#11 0x555d54642393 <unknown>
#12 0x555d54642d79 <unknown>
#13 0x555d5462fb2f <unknown>
#14 0x555d54643134 <unknown>
#15 0x555d546185aa <unknown>
#16 0x555d54662459 <unknown>
#17 0x555d54662646 <unknown>
#18 0x555d54671193 <unknown>
#19 0x7f96286a8134 <unknown>


      12.2) Failure/Error: raise ex, cause: cause

            Selenium::WebDriver::Error::WebDriverError:
              disconnected: not connected to DevTools
                (failed to check if window was closed: disconnected: not connected to DevTools)
                (Session info: chrome-headless-shell=124.0.6367.78)
            # /usr/local/bundle/gems/selenium-webdriver-4.40.0/lib/selenium/webdriver/remote/response.rb:63:in 'Selenium::WebDriver::Remote::Response#add_cause'
            # /usr/local/bundle/gems/selenium-webdriver-4.40.0/lib/selenium/webdriver/remote/response.rb:41:in 'Selenium::WebDriver::Remote::Response#error'
            # /usr/local/bundle/gems/selenium-webdriver-4.40.0/lib/selenium/webdriver/remote/response.rb:52:in 'Selenium::WebDriver::Remote::Response#assert_ok'
            # /usr/local/bundle/gems/selenium-webdriver-4.40.0/lib/selenium/webdriver/remote/response.rb:34:in 'Selenium::WebDriver::Remote::Response#initialize'
            # /usr/local/bundle/gems/selenium-webdriver-4.40.0/lib/selenium/webdriver/remote/http/common.rb:135:in 'Class#new'
            # /usr/local/bundle/gems/selenium-webdriver-4.40.0/lib/selenium/webdriver/remote/http/common.rb:135:in 'Selenium::WebDriver::Remote::Http::Common#create_response'
            # /usr/local/bundle/gems/selenium-webdriver-4.40.0/lib/selenium/webdriver/remote/http/default.rb:103:in 'Selenium::WebDriver::Remote::Http::Default#request'
            # /usr/local/bundle/gems/selenium-webdriver-4.40.0/lib/selenium/webdriver/remote/http/common.rb:70:in 'Selenium::WebDriver::Remote::Http::Common#call'
            # /usr/local/bundle/gems/selenium-webdriver-4.40.0/lib/selenium/webdriver/remote/bridge.rb:633:in 'Selenium::WebDriver::Remote::Bridge#execute'
            # /usr/local/bundle/gems/selenium-webdriver-4.40.0/lib/selenium/webdriver/remote/bridge.rb:348:in 'Selenium::WebDriver::Remote::Bridge#delete_all_cookies'
            # /usr/local/bundle/gems/selenium-webdriver-4.40.0/lib/selenium/webdriver/common/manager.rb:92:in 'Selenium::WebDriver::Manager#delete_all_cookies'
            # /usr/local/bundle/gems/capybara-3.40.0/lib/capybara/selenium/driver.rb:345:in 'Capybara::Selenium::Driver#delete_all_cookies'
            # /usr/local/bundle/gems/capybara-3.40.0/lib/capybara/selenium/driver.rb:328:in 'Capybara::Selenium::Driver#clear_browser_state'
            # /usr/local/bundle/gems/capybara-3.40.0/lib/capybara/selenium/driver.rb:485:in 'Capybara::Selenium::Driver#reset_browser_state'
            # /usr/local/bundle/gems/capybara-3.40.0/lib/capybara/selenium/driver.rb:164:in 'Capybara::Selenium::Driver#reset!'
            # /usr/local/bundle/gems/capybara-3.40.0/lib/capybara/session.rb:132:in 'Capybara::Session#reset!'
            # /usr/local/bundle/gems/capybara-3.40.0/lib/capybara.rb:327:in 'block in Capybara.reset_sessions!'
            # /usr/local/bundle/gems/capybara-3.40.0/lib/capybara.rb:327:in 'Enumerable#reverse_each'
            # /usr/local/bundle/gems/capybara-3.40.0/lib/capybara.rb:327:in 'Capybara.reset_sessions!'
            # ------------------
            # --- Caused by: ---
            # Selenium::WebDriver::Error::WebDriverError:
            #   #0 0x555d54671ca7 <unknown>
#1 0x555d54348c9c <unknown>
#2 0x555d54333ba9 <unknown>
#3 0x555d543338a9 <unknown>
#4 0x555d5434b9aa <unknown>
#5 0x555d543cca18 <unknown>
#6 0x555d543afce7 <unknown>
#7 0x555d543826b1 <unknown>
#8 0x555d543834c6 <unknown>
#9 0x555d5463f55a <unknown>
#10 0x555d546428ea <unknown>
#11 0x555d54642393 <unknown>
#12 0x555d54642d79 <unknown>
#13 0x555d5462fb2f <unknown>
#14 0x555d54643134 <unknown>
#15 0x555d546185aa <unknown>
#16 0x555d54662459 <unknown>
#17 0x555d54662646 <unknown>
#18 0x555d54671193 <unknown>
#19 0x7f96286a8134 <unknown>


  13) Profiles プロフィールの表示と編集 一般ユーザー 異常系 入力が不足している場合、プロフィールの編集ができない
      Got 0 failures and 4 other errors:

      13.1) Failure/Error: visit login_path

            Selenium::WebDriver::Error::WebDriverError:
              disconnected: not connected to DevTools
                (failed to check if window was closed: disconnected: not connected to DevTools)
                (Session info: chrome-headless-shell=124.0.6367.78)
            # /usr/local/bundle/gems/selenium-webdriver-4.40.0/lib/selenium/webdriver/remote/response.rb:63:in 'Selenium::WebDriver::Remote::Response#add_cause'
            # /usr/local/bundle/gems/selenium-webdriver-4.40.0/lib/selenium/webdriver/remote/response.rb:41:in 'Selenium::WebDriver::Remote::Response#error'
            # /usr/local/bundle/gems/selenium-webdriver-4.40.0/lib/selenium/webdriver/remote/response.rb:52:in 'Selenium::WebDriver::Remote::Response#assert_ok'
            # /usr/local/bundle/gems/selenium-webdriver-4.40.0/lib/selenium/webdriver/remote/response.rb:34:in 'Selenium::WebDriver::Remote::Response#initialize'
            # /usr/local/bundle/gems/selenium-webdriver-4.40.0/lib/selenium/webdriver/remote/http/common.rb:135:in 'Class#new'
            # /usr/local/bundle/gems/selenium-webdriver-4.40.0/lib/selenium/webdriver/remote/http/common.rb:135:in 'Selenium::WebDriver::Remote::Http::Common#create_response'
            # /usr/local/bundle/gems/selenium-webdriver-4.40.0/lib/selenium/webdriver/remote/http/default.rb:103:in 'Selenium::WebDriver::Remote::Http::Default#request'
            # /usr/local/bundle/gems/selenium-webdriver-4.40.0/lib/selenium/webdriver/remote/http/common.rb:70:in 'Selenium::WebDriver::Remote::Http::Common#call'
            # /usr/local/bundle/gems/selenium-webdriver-4.40.0/lib/selenium/webdriver/remote/bridge.rb:633:in 'Selenium::WebDriver::Remote::Bridge#execute'
            # /usr/local/bundle/gems/selenium-webdriver-4.40.0/lib/selenium/webdriver/remote/bridge.rb:119:in 'Selenium::WebDriver::Remote::Bridge#get'
            # /usr/local/bundle/gems/selenium-webdriver-4.40.0/lib/selenium/webdriver/common/navigation.rb:32:in 'Selenium::WebDriver::Navigation#to'
            # /usr/local/bundle/gems/capybara-3.40.0/lib/capybara/selenium/driver.rb:95:in 'Capybara::Selenium::Driver#visit'
            # /usr/local/bundle/gems/capybara-3.40.0/lib/capybara/session.rb:281:in 'Capybara::Session#visit'
            # /usr/local/bundle/gems/capybara-3.40.0/lib/capybara/dsl.rb:52:in 'Method#call'
            # /usr/local/bundle/gems/capybara-3.40.0/lib/capybara/dsl.rb:52:in 'Capybara::DSL#visit'
            # ./spec/support/login_macros.rb:3:in 'LoginMacros#login_as'
            # ./spec/system/profiles_spec.rb:7:in 'block (4 levels) in <top (required)>'
            # ------------------
            # --- Caused by: ---
            # Selenium::WebDriver::Error::WebDriverError:
            #   #0 0x555d54671ca7 <unknown>
#1 0x555d54348c9c <unknown>
#2 0x555d54333ba9 <unknown>
#3 0x555d543338a9 <unknown>
#4 0x555d5434b9aa <unknown>
#5 0x555d543cca18 <unknown>
#6 0x555d543afce7 <unknown>
#7 0x555d543826b1 <unknown>
#8 0x555d543834c6 <unknown>
#9 0x555d5463f55a <unknown>
#10 0x555d546428ea <unknown>
#11 0x555d54642393 <unknown>
#12 0x555d54642d79 <unknown>
#13 0x555d5462fb2f <unknown>
#14 0x555d54643134 <unknown>
#15 0x555d546185aa <unknown>
#16 0x555d54662459 <unknown>
#17 0x555d54662646 <unknown>
#18 0x555d54671193 <unknown>
#19 0x7f96286a8134 <unknown>


      13.2) Failure/Error: raise ex, cause: cause

            Selenium::WebDriver::Error::WebDriverError:
              disconnected: not connected to DevTools
                (failed to check if window was closed: disconnected: not connected to DevTools)
                (Session info: chrome-headless-shell=124.0.6367.78)
            # /usr/local/bundle/gems/selenium-webdriver-4.40.0/lib/selenium/webdriver/remote/response.rb:63:in 'Selenium::WebDriver::Remote::Response#add_cause'
            # /usr/local/bundle/gems/selenium-webdriver-4.40.0/lib/selenium/webdriver/remote/response.rb:41:in 'Selenium::WebDriver::Remote::Response#error'
            # /usr/local/bundle/gems/selenium-webdriver-4.40.0/lib/selenium/webdriver/remote/response.rb:52:in 'Selenium::WebDriver::Remote::Response#assert_ok'
            # /usr/local/bundle/gems/selenium-webdriver-4.40.0/lib/selenium/webdriver/remote/response.rb:34:in 'Selenium::WebDriver::Remote::Response#initialize'
            # /usr/local/bundle/gems/selenium-webdriver-4.40.0/lib/selenium/webdriver/remote/http/common.rb:135:in 'Class#new'
            # /usr/local/bundle/gems/selenium-webdriver-4.40.0/lib/selenium/webdriver/remote/http/common.rb:135:in 'Selenium::WebDriver::Remote::Http::Common#create_response'
            # /usr/local/bundle/gems/selenium-webdriver-4.40.0/lib/selenium/webdriver/remote/http/default.rb:103:in 'Selenium::WebDriver::Remote::Http::Default#request'
            # /usr/local/bundle/gems/selenium-webdriver-4.40.0/lib/selenium/webdriver/remote/http/common.rb:70:in 'Selenium::WebDriver::Remote::Http::Common#call'
            # /usr/local/bundle/gems/selenium-webdriver-4.40.0/lib/selenium/webdriver/remote/bridge.rb:633:in 'Selenium::WebDriver::Remote::Bridge#execute'
            # /usr/local/bundle/gems/selenium-webdriver-4.40.0/lib/selenium/webdriver/remote/bridge.rb:300:in 'Selenium::WebDriver::Remote::Bridge#screenshot'
            # /usr/local/bundle/gems/selenium-webdriver-4.40.0/lib/selenium/webdriver/common/driver.rb:330:in 'Selenium::WebDriver::Driver#screenshot'
            # /usr/local/bundle/gems/selenium-webdriver-4.40.0/lib/selenium/webdriver/common/takes_screenshot.rb:59:in 'Selenium::WebDriver::TakesScreenshot#screenshot_as'
            # /usr/local/bundle/gems/selenium-webdriver-4.40.0/lib/selenium/webdriver/common/takes_screenshot.rb:61:in 'Selenium::WebDriver::TakesScreenshot#screenshot_as'
            # /usr/local/bundle/gems/selenium-webdriver-4.40.0/lib/selenium/webdriver/common/takes_screenshot.rb:40:in 'block in Selenium::WebDriver::TakesScreenshot#save_screenshot'
            # /usr/local/bundle/gems/selenium-webdriver-4.40.0/lib/selenium/webdriver/common/takes_screenshot.rb:40:in 'IO.open'
            # /usr/local/bundle/gems/selenium-webdriver-4.40.0/lib/selenium/webdriver/common/takes_screenshot.rb:40:in 'Selenium::WebDriver::TakesScreenshot#save_screenshot'
            # /usr/local/bundle/gems/capybara-3.40.0/lib/capybara/selenium/driver.rb:152:in 'Capybara::Selenium::Driver#save_screenshot'
            # /usr/local/bundle/gems/capybara-3.40.0/lib/capybara/session.rb:748:in 'block in Capybara::Session#save_screenshot'
            # /usr/local/bundle/gems/capybara-3.40.0/lib/capybara/session.rb:748:in 'Capybara::Session#save_screenshot'
            # ------------------
            # --- Caused by: ---
            # Selenium::WebDriver::Error::WebDriverError:
            #   #0 0x555d54671ca7 <unknown>
#1 0x555d54348c9c <unknown>
#2 0x555d54333ba9 <unknown>
#3 0x555d543338a9 <unknown>
#4 0x555d5434b9aa <unknown>
#5 0x555d543cca18 <unknown>
#6 0x555d543afce7 <unknown>
#7 0x555d543826b1 <unknown>
#8 0x555d543834c6 <unknown>
#9 0x555d5463f55a <unknown>
#10 0x555d546428ea <unknown>
#11 0x555d54642393 <unknown>
#12 0x555d54642d79 <unknown>
#13 0x555d5462fb2f <unknown>
#14 0x555d54643134 <unknown>
#15 0x555d546185aa <unknown>
#16 0x555d54662459 <unknown>
#17 0x555d54662646 <unknown>
#18 0x555d54671193 <unknown>
#19 0x7f96286a8134 <unknown>


      13.3) Failure/Error: raise ex, cause: cause

            Selenium::WebDriver::Error::WebDriverError:
              disconnected: not connected to DevTools
                (failed to check if window was closed: disconnected: not connected to DevTools)
                (Session info: chrome-headless-shell=124.0.6367.78)
            # /usr/local/bundle/gems/selenium-webdriver-4.40.0/lib/selenium/webdriver/remote/response.rb:63:in 'Selenium::WebDriver::Remote::Response#add_cause'
            # /usr/local/bundle/gems/selenium-webdriver-4.40.0/lib/selenium/webdriver/remote/response.rb:41:in 'Selenium::WebDriver::Remote::Response#error'
            # /usr/local/bundle/gems/selenium-webdriver-4.40.0/lib/selenium/webdriver/remote/response.rb:52:in 'Selenium::WebDriver::Remote::Response#assert_ok'
            # /usr/local/bundle/gems/selenium-webdriver-4.40.0/lib/selenium/webdriver/remote/response.rb:34:in 'Selenium::WebDriver::Remote::Response#initialize'
            # /usr/local/bundle/gems/selenium-webdriver-4.40.0/lib/selenium/webdriver/remote/http/common.rb:135:in 'Class#new'
            # /usr/local/bundle/gems/selenium-webdriver-4.40.0/lib/selenium/webdriver/remote/http/common.rb:135:in 'Selenium::WebDriver::Remote::Http::Common#create_response'
            # /usr/local/bundle/gems/selenium-webdriver-4.40.0/lib/selenium/webdriver/remote/http/default.rb:103:in 'Selenium::WebDriver::Remote::Http::Default#request'
            # /usr/local/bundle/gems/selenium-webdriver-4.40.0/lib/selenium/webdriver/remote/http/common.rb:70:in 'Selenium::WebDriver::Remote::Http::Common#call'
            # /usr/local/bundle/gems/selenium-webdriver-4.40.0/lib/selenium/webdriver/remote/bridge.rb:633:in 'Selenium::WebDriver::Remote::Bridge#execute'
            # /usr/local/bundle/gems/selenium-webdriver-4.40.0/lib/selenium/webdriver/remote/bridge.rb:348:in 'Selenium::WebDriver::Remote::Bridge#delete_all_cookies'
            # /usr/local/bundle/gems/selenium-webdriver-4.40.0/lib/selenium/webdriver/common/manager.rb:92:in 'Selenium::WebDriver::Manager#delete_all_cookies'
            # /usr/local/bundle/gems/capybara-3.40.0/lib/capybara/selenium/driver.rb:345:in 'Capybara::Selenium::Driver#delete_all_cookies'
            # /usr/local/bundle/gems/capybara-3.40.0/lib/capybara/selenium/driver.rb:328:in 'Capybara::Selenium::Driver#clear_browser_state'
            # /usr/local/bundle/gems/capybara-3.40.0/lib/capybara/selenium/driver.rb:485:in 'Capybara::Selenium::Driver#reset_browser_state'
            # /usr/local/bundle/gems/capybara-3.40.0/lib/capybara/selenium/driver.rb:164:in 'Capybara::Selenium::Driver#reset!'
            # /usr/local/bundle/gems/capybara-3.40.0/lib/capybara/session.rb:132:in 'Capybara::Session#reset!'
            # /usr/local/bundle/gems/capybara-3.40.0/lib/capybara.rb:327:in 'block in Capybara.reset_sessions!'
            # /usr/local/bundle/gems/capybara-3.40.0/lib/capybara.rb:327:in 'Enumerable#reverse_each'
            # /usr/local/bundle/gems/capybara-3.40.0/lib/capybara.rb:327:in 'Capybara.reset_sessions!'
            # /usr/local/bundle/gems/capybara-3.40.0/lib/capybara/rspec.rb:20:in 'block (2 levels) in <top (required)>'
            # ------------------
            # --- Caused by: ---
            # Selenium::WebDriver::Error::WebDriverError:
            #   #0 0x555d54671ca7 <unknown>
#1 0x555d54348c9c <unknown>
#2 0x555d54333ba9 <unknown>
#3 0x555d543338a9 <unknown>
#4 0x555d5434b9aa <unknown>
#5 0x555d543cca18 <unknown>
#6 0x555d543afce7 <unknown>
#7 0x555d543826b1 <unknown>
#8 0x555d543834c6 <unknown>
#9 0x555d5463f55a <unknown>
#10 0x555d546428ea <unknown>
#11 0x555d54642393 <unknown>
#12 0x555d54642d79 <unknown>
#13 0x555d5462fb2f <unknown>
#14 0x555d54643134 <unknown>
#15 0x555d546185aa <unknown>
#16 0x555d54662459 <unknown>
#17 0x555d54662646 <unknown>
#18 0x555d54671193 <unknown>
#19 0x7f96286a8134 <unknown>


      13.4) Failure/Error: raise ex, cause: cause

            Selenium::WebDriver::Error::WebDriverError:
              disconnected: not connected to DevTools
                (failed to check if window was closed: disconnected: not connected to DevTools)
                (Session info: chrome-headless-shell=124.0.6367.78)
            # /usr/local/bundle/gems/selenium-webdriver-4.40.0/lib/selenium/webdriver/remote/response.rb:63:in 'Selenium::WebDriver::Remote::Response#add_cause'
            # /usr/local/bundle/gems/selenium-webdriver-4.40.0/lib/selenium/webdriver/remote/response.rb:41:in 'Selenium::WebDriver::Remote::Response#error'
            # /usr/local/bundle/gems/selenium-webdriver-4.40.0/lib/selenium/webdriver/remote/response.rb:52:in 'Selenium::WebDriver::Remote::Response#assert_ok'
            # /usr/local/bundle/gems/selenium-webdriver-4.40.0/lib/selenium/webdriver/remote/response.rb:34:in 'Selenium::WebDriver::Remote::Response#initialize'
            # /usr/local/bundle/gems/selenium-webdriver-4.40.0/lib/selenium/webdriver/remote/http/common.rb:135:in 'Class#new'
            # /usr/local/bundle/gems/selenium-webdriver-4.40.0/lib/selenium/webdriver/remote/http/common.rb:135:in 'Selenium::WebDriver::Remote::Http::Common#create_response'
            # /usr/local/bundle/gems/selenium-webdriver-4.40.0/lib/selenium/webdriver/remote/http/default.rb:103:in 'Selenium::WebDriver::Remote::Http::Default#request'
            # /usr/local/bundle/gems/selenium-webdriver-4.40.0/lib/selenium/webdriver/remote/http/common.rb:70:in 'Selenium::WebDriver::Remote::Http::Common#call'
            # /usr/local/bundle/gems/selenium-webdriver-4.40.0/lib/selenium/webdriver/remote/bridge.rb:633:in 'Selenium::WebDriver::Remote::Bridge#execute'
            # /usr/local/bundle/gems/selenium-webdriver-4.40.0/lib/selenium/webdriver/remote/bridge.rb:348:in 'Selenium::WebDriver::Remote::Bridge#delete_all_cookies'
            # /usr/local/bundle/gems/selenium-webdriver-4.40.0/lib/selenium/webdriver/common/manager.rb:92:in 'Selenium::WebDriver::Manager#delete_all_cookies'
            # /usr/local/bundle/gems/capybara-3.40.0/lib/capybara/selenium/driver.rb:345:in 'Capybara::Selenium::Driver#delete_all_cookies'
            # /usr/local/bundle/gems/capybara-3.40.0/lib/capybara/selenium/driver.rb:328:in 'Capybara::Selenium::Driver#clear_browser_state'
            # /usr/local/bundle/gems/capybara-3.40.0/lib/capybara/selenium/driver.rb:485:in 'Capybara::Selenium::Driver#reset_browser_state'
            # /usr/local/bundle/gems/capybara-3.40.0/lib/capybara/selenium/driver.rb:164:in 'Capybara::Selenium::Driver#reset!'
            # /usr/local/bundle/gems/capybara-3.40.0/lib/capybara/session.rb:132:in 'Capybara::Session#reset!'
            # /usr/local/bundle/gems/capybara-3.40.0/lib/capybara.rb:327:in 'block in Capybara.reset_sessions!'
            # /usr/local/bundle/gems/capybara-3.40.0/lib/capybara.rb:327:in 'Enumerable#reverse_each'
            # /usr/local/bundle/gems/capybara-3.40.0/lib/capybara.rb:327:in 'Capybara.reset_sessions!'
            # ------------------
            # --- Caused by: ---
            # Selenium::WebDriver::Error::WebDriverError:
            #   #0 0x555d54671ca7 <unknown>
#1 0x555d54348c9c <unknown>
#2 0x555d54333ba9 <unknown>
#3 0x555d543338a9 <unknown>
#4 0x555d5434b9aa <unknown>
#5 0x555d543cca18 <unknown>
#6 0x555d543afce7 <unknown>
#7 0x555d543826b1 <unknown>
#8 0x555d543834c6 <unknown>
#9 0x555d5463f55a <unknown>
#10 0x555d546428ea <unknown>
#11 0x555d54642393 <unknown>
#12 0x555d54642d79 <unknown>
#13 0x555d5462fb2f <unknown>
#14 0x555d54643134 <unknown>
#15 0x555d546185aa <unknown>
#16 0x555d54662459 <unknown>
#17 0x555d54662646 <unknown>
#18 0x555d54671193 <unknown>
#19 0x7f96286a8134 <unknown>


  14) Profiles プロフィールの表示と編集 ゲストユーザー ゲストユーザーの場合、メールアドレスが表示されない
      Got 0 failures and 2 other errors:

      14.1) Failure/Error: raise ex, cause: cause

            Selenium::WebDriver::Error::WebDriverError:
              disconnected: not connected to DevTools
                (failed to check if window was closed: disconnected: not connected to DevTools)
                (Session info: chrome-headless-shell=124.0.6367.78)
            # /usr/local/bundle/gems/selenium-webdriver-4.40.0/lib/selenium/webdriver/remote/response.rb:63:in 'Selenium::WebDriver::Remote::Response#add_cause'
            # /usr/local/bundle/gems/selenium-webdriver-4.40.0/lib/selenium/webdriver/remote/response.rb:41:in 'Selenium::WebDriver::Remote::Response#error'
            # /usr/local/bundle/gems/selenium-webdriver-4.40.0/lib/selenium/webdriver/remote/response.rb:52:in 'Selenium::WebDriver::Remote::Response#assert_ok'
            # /usr/local/bundle/gems/selenium-webdriver-4.40.0/lib/selenium/webdriver/remote/response.rb:34:in 'Selenium::WebDriver::Remote::Response#initialize'
            # /usr/local/bundle/gems/selenium-webdriver-4.40.0/lib/selenium/webdriver/remote/http/common.rb:135:in 'Class#new'
            # /usr/local/bundle/gems/selenium-webdriver-4.40.0/lib/selenium/webdriver/remote/http/common.rb:135:in 'Selenium::WebDriver::Remote::Http::Common#create_response'
            # /usr/local/bundle/gems/selenium-webdriver-4.40.0/lib/selenium/webdriver/remote/http/default.rb:103:in 'Selenium::WebDriver::Remote::Http::Default#request'
            # /usr/local/bundle/gems/selenium-webdriver-4.40.0/lib/selenium/webdriver/remote/http/common.rb:70:in 'Selenium::WebDriver::Remote::Http::Common#call'
            # /usr/local/bundle/gems/selenium-webdriver-4.40.0/lib/selenium/webdriver/remote/bridge.rb:633:in 'Selenium::WebDriver::Remote::Bridge#execute'
            # /usr/local/bundle/gems/selenium-webdriver-4.40.0/lib/selenium/webdriver/remote/bridge.rb:348:in 'Selenium::WebDriver::Remote::Bridge#delete_all_cookies'
            # /usr/local/bundle/gems/selenium-webdriver-4.40.0/lib/selenium/webdriver/common/manager.rb:92:in 'Selenium::WebDriver::Manager#delete_all_cookies'
            # /usr/local/bundle/gems/capybara-3.40.0/lib/capybara/selenium/driver.rb:345:in 'Capybara::Selenium::Driver#delete_all_cookies'
            # /usr/local/bundle/gems/capybara-3.40.0/lib/capybara/selenium/driver.rb:328:in 'Capybara::Selenium::Driver#clear_browser_state'
            # /usr/local/bundle/gems/capybara-3.40.0/lib/capybara/selenium/driver.rb:485:in 'Capybara::Selenium::Driver#reset_browser_state'
            # /usr/local/bundle/gems/capybara-3.40.0/lib/capybara/selenium/driver.rb:164:in 'Capybara::Selenium::Driver#reset!'
            # /usr/local/bundle/gems/capybara-3.40.0/lib/capybara/session.rb:132:in 'Capybara::Session#reset!'
            # /usr/local/bundle/gems/capybara-3.40.0/lib/capybara.rb:327:in 'block in Capybara.reset_sessions!'
            # /usr/local/bundle/gems/capybara-3.40.0/lib/capybara.rb:327:in 'Enumerable#reverse_each'
            # /usr/local/bundle/gems/capybara-3.40.0/lib/capybara.rb:327:in 'Capybara.reset_sessions!'
            # /usr/local/bundle/gems/capybara-3.40.0/lib/capybara/rspec.rb:20:in 'block (2 levels) in <top (required)>'
            # ------------------
            # --- Caused by: ---
            # Selenium::WebDriver::Error::WebDriverError:
            #   #0 0x555d54671ca7 <unknown>
#1 0x555d54348c9c <unknown>
#2 0x555d54333ba9 <unknown>
#3 0x555d543338a9 <unknown>
#4 0x555d5434b9aa <unknown>
#5 0x555d543cca18 <unknown>
#6 0x555d543afce7 <unknown>
#7 0x555d543826b1 <unknown>
#8 0x555d543834c6 <unknown>
#9 0x555d5463f55a <unknown>
#10 0x555d546428ea <unknown>
#11 0x555d54642393 <unknown>
#12 0x555d54642d79 <unknown>
#13 0x555d5462fb2f <unknown>
#14 0x555d54643134 <unknown>
#15 0x555d546185aa <unknown>
#16 0x555d54662459 <unknown>
#17 0x555d54662646 <unknown>
#18 0x555d54671193 <unknown>
#19 0x7f96286a8134 <unknown>


      14.2) Failure/Error: raise ex, cause: cause

            Selenium::WebDriver::Error::WebDriverError:
              disconnected: not connected to DevTools
                (failed to check if window was closed: disconnected: not connected to DevTools)
                (Session info: chrome-headless-shell=124.0.6367.78)
            # /usr/local/bundle/gems/selenium-webdriver-4.40.0/lib/selenium/webdriver/remote/response.rb:63:in 'Selenium::WebDriver::Remote::Response#add_cause'
            # /usr/local/bundle/gems/selenium-webdriver-4.40.0/lib/selenium/webdriver/remote/response.rb:41:in 'Selenium::WebDriver::Remote::Response#error'
            # /usr/local/bundle/gems/selenium-webdriver-4.40.0/lib/selenium/webdriver/remote/response.rb:52:in 'Selenium::WebDriver::Remote::Response#assert_ok'
            # /usr/local/bundle/gems/selenium-webdriver-4.40.0/lib/selenium/webdriver/remote/response.rb:34:in 'Selenium::WebDriver::Remote::Response#initialize'
            # /usr/local/bundle/gems/selenium-webdriver-4.40.0/lib/selenium/webdriver/remote/http/common.rb:135:in 'Class#new'
            # /usr/local/bundle/gems/selenium-webdriver-4.40.0/lib/selenium/webdriver/remote/http/common.rb:135:in 'Selenium::WebDriver::Remote::Http::Common#create_response'
            # /usr/local/bundle/gems/selenium-webdriver-4.40.0/lib/selenium/webdriver/remote/http/default.rb:103:in 'Selenium::WebDriver::Remote::Http::Default#request'
            # /usr/local/bundle/gems/selenium-webdriver-4.40.0/lib/selenium/webdriver/remote/http/common.rb:70:in 'Selenium::WebDriver::Remote::Http::Common#call'
            # /usr/local/bundle/gems/selenium-webdriver-4.40.0/lib/selenium/webdriver/remote/bridge.rb:633:in 'Selenium::WebDriver::Remote::Bridge#execute'
            # /usr/local/bundle/gems/selenium-webdriver-4.40.0/lib/selenium/webdriver/remote/bridge.rb:348:in 'Selenium::WebDriver::Remote::Bridge#delete_all_cookies'
            # /usr/local/bundle/gems/selenium-webdriver-4.40.0/lib/selenium/webdriver/common/manager.rb:92:in 'Selenium::WebDriver::Manager#delete_all_cookies'
            # /usr/local/bundle/gems/capybara-3.40.0/lib/capybara/selenium/driver.rb:345:in 'Capybara::Selenium::Driver#delete_all_cookies'
            # /usr/local/bundle/gems/capybara-3.40.0/lib/capybara/selenium/driver.rb:328:in 'Capybara::Selenium::Driver#clear_browser_state'
            # /usr/local/bundle/gems/capybara-3.40.0/lib/capybara/selenium/driver.rb:485:in 'Capybara::Selenium::Driver#reset_browser_state'
            # /usr/local/bundle/gems/capybara-3.40.0/lib/capybara/selenium/driver.rb:164:in 'Capybara::Selenium::Driver#reset!'
            # /usr/local/bundle/gems/capybara-3.40.0/lib/capybara/session.rb:132:in 'Capybara::Session#reset!'
            # /usr/local/bundle/gems/capybara-3.40.0/lib/capybara.rb:327:in 'block in Capybara.reset_sessions!'
            # /usr/local/bundle/gems/capybara-3.40.0/lib/capybara.rb:327:in 'Enumerable#reverse_each'
            # /usr/local/bundle/gems/capybara-3.40.0/lib/capybara.rb:327:in 'Capybara.reset_sessions!'
            # ------------------
            # --- Caused by: ---
            # Selenium::WebDriver::Error::WebDriverError:
            #   #0 0x555d54671ca7 <unknown>
#1 0x555d54348c9c <unknown>
#2 0x555d54333ba9 <unknown>
#3 0x555d543338a9 <unknown>
#4 0x555d5434b9aa <unknown>
#5 0x555d543cca18 <unknown>
#6 0x555d543afce7 <unknown>
#7 0x555d543826b1 <unknown>
#8 0x555d543834c6 <unknown>
#9 0x555d5463f55a <unknown>
#10 0x555d546428ea <unknown>
#11 0x555d54642393 <unknown>
#12 0x555d54642d79 <unknown>
#13 0x555d5462fb2f <unknown>
#14 0x555d54643134 <unknown>
#15 0x555d546185aa <unknown>
#16 0x555d54662459 <unknown>
#17 0x555d54662646 <unknown>
#18 0x555d54671193 <unknown>
#19 0x7f96286a8134 <unknown>


  15) Relationships フォロー機能 正常系 フォローできる
      Got 0 failures and 4 other errors:

      15.1) Failure/Error: visit login_path

            Selenium::WebDriver::Error::WebDriverError:
              disconnected: not connected to DevTools
                (failed to check if window was closed: disconnected: not connected to DevTools)
                (Session info: chrome-headless-shell=124.0.6367.78)
            # /usr/local/bundle/gems/selenium-webdriver-4.40.0/lib/selenium/webdriver/remote/response.rb:63:in 'Selenium::WebDriver::Remote::Response#add_cause'
            # /usr/local/bundle/gems/selenium-webdriver-4.40.0/lib/selenium/webdriver/remote/response.rb:41:in 'Selenium::WebDriver::Remote::Response#error'
            # /usr/local/bundle/gems/selenium-webdriver-4.40.0/lib/selenium/webdriver/remote/response.rb:52:in 'Selenium::WebDriver::Remote::Response#assert_ok'
            # /usr/local/bundle/gems/selenium-webdriver-4.40.0/lib/selenium/webdriver/remote/response.rb:34:in 'Selenium::WebDriver::Remote::Response#initialize'
            # /usr/local/bundle/gems/selenium-webdriver-4.40.0/lib/selenium/webdriver/remote/http/common.rb:135:in 'Class#new'
            # /usr/local/bundle/gems/selenium-webdriver-4.40.0/lib/selenium/webdriver/remote/http/common.rb:135:in 'Selenium::WebDriver::Remote::Http::Common#create_response'
            # /usr/local/bundle/gems/selenium-webdriver-4.40.0/lib/selenium/webdriver/remote/http/default.rb:103:in 'Selenium::WebDriver::Remote::Http::Default#request'
            # /usr/local/bundle/gems/selenium-webdriver-4.40.0/lib/selenium/webdriver/remote/http/common.rb:70:in 'Selenium::WebDriver::Remote::Http::Common#call'
            # /usr/local/bundle/gems/selenium-webdriver-4.40.0/lib/selenium/webdriver/remote/bridge.rb:633:in 'Selenium::WebDriver::Remote::Bridge#execute'
            # /usr/local/bundle/gems/selenium-webdriver-4.40.0/lib/selenium/webdriver/remote/bridge.rb:119:in 'Selenium::WebDriver::Remote::Bridge#get'
            # /usr/local/bundle/gems/selenium-webdriver-4.40.0/lib/selenium/webdriver/common/navigation.rb:32:in 'Selenium::WebDriver::Navigation#to'
            # /usr/local/bundle/gems/capybara-3.40.0/lib/capybara/selenium/driver.rb:95:in 'Capybara::Selenium::Driver#visit'
            # /usr/local/bundle/gems/capybara-3.40.0/lib/capybara/session.rb:281:in 'Capybara::Session#visit'
            # /usr/local/bundle/gems/capybara-3.40.0/lib/capybara/dsl.rb:52:in 'Method#call'
            # /usr/local/bundle/gems/capybara-3.40.0/lib/capybara/dsl.rb:52:in 'Capybara::DSL#visit'
            # ./spec/support/login_macros.rb:3:in 'LoginMacros#login_as'
            # ./spec/system/relationships_spec.rb:9:in 'block (3 levels) in <top (required)>'
            # ------------------
            # --- Caused by: ---
            # Selenium::WebDriver::Error::WebDriverError:
            #   #0 0x555d54671ca7 <unknown>
#1 0x555d54348c9c <unknown>
#2 0x555d54333ba9 <unknown>
#3 0x555d543338a9 <unknown>
#4 0x555d5434b9aa <unknown>
#5 0x555d543cca18 <unknown>
#6 0x555d543afce7 <unknown>
#7 0x555d543826b1 <unknown>
#8 0x555d543834c6 <unknown>
#9 0x555d5463f55a <unknown>
#10 0x555d546428ea <unknown>
#11 0x555d54642393 <unknown>
#12 0x555d54642d79 <unknown>
#13 0x555d5462fb2f <unknown>
#14 0x555d54643134 <unknown>
#15 0x555d546185aa <unknown>
#16 0x555d54662459 <unknown>
#17 0x555d54662646 <unknown>
#18 0x555d54671193 <unknown>
#19 0x7f96286a8134 <unknown>


      15.2) Failure/Error: raise ex, cause: cause

            Selenium::WebDriver::Error::WebDriverError:
              disconnected: not connected to DevTools
                (failed to check if window was closed: disconnected: not connected to DevTools)
                (Session info: chrome-headless-shell=124.0.6367.78)
            # /usr/local/bundle/gems/selenium-webdriver-4.40.0/lib/selenium/webdriver/remote/response.rb:63:in 'Selenium::WebDriver::Remote::Response#add_cause'
            # /usr/local/bundle/gems/selenium-webdriver-4.40.0/lib/selenium/webdriver/remote/response.rb:41:in 'Selenium::WebDriver::Remote::Response#error'
            # /usr/local/bundle/gems/selenium-webdriver-4.40.0/lib/selenium/webdriver/remote/response.rb:52:in 'Selenium::WebDriver::Remote::Response#assert_ok'
            # /usr/local/bundle/gems/selenium-webdriver-4.40.0/lib/selenium/webdriver/remote/response.rb:34:in 'Selenium::WebDriver::Remote::Response#initialize'
            # /usr/local/bundle/gems/selenium-webdriver-4.40.0/lib/selenium/webdriver/remote/http/common.rb:135:in 'Class#new'
            # /usr/local/bundle/gems/selenium-webdriver-4.40.0/lib/selenium/webdriver/remote/http/common.rb:135:in 'Selenium::WebDriver::Remote::Http::Common#create_response'
            # /usr/local/bundle/gems/selenium-webdriver-4.40.0/lib/selenium/webdriver/remote/http/default.rb:103:in 'Selenium::WebDriver::Remote::Http::Default#request'
            # /usr/local/bundle/gems/selenium-webdriver-4.40.0/lib/selenium/webdriver/remote/http/common.rb:70:in 'Selenium::WebDriver::Remote::Http::Common#call'
            # /usr/local/bundle/gems/selenium-webdriver-4.40.0/lib/selenium/webdriver/remote/bridge.rb:633:in 'Selenium::WebDriver::Remote::Bridge#execute'
            # /usr/local/bundle/gems/selenium-webdriver-4.40.0/lib/selenium/webdriver/remote/bridge.rb:300:in 'Selenium::WebDriver::Remote::Bridge#screenshot'
            # /usr/local/bundle/gems/selenium-webdriver-4.40.0/lib/selenium/webdriver/common/driver.rb:330:in 'Selenium::WebDriver::Driver#screenshot'
            # /usr/local/bundle/gems/selenium-webdriver-4.40.0/lib/selenium/webdriver/common/takes_screenshot.rb:59:in 'Selenium::WebDriver::TakesScreenshot#screenshot_as'
            # /usr/local/bundle/gems/selenium-webdriver-4.40.0/lib/selenium/webdriver/common/takes_screenshot.rb:61:in 'Selenium::WebDriver::TakesScreenshot#screenshot_as'
            # /usr/local/bundle/gems/selenium-webdriver-4.40.0/lib/selenium/webdriver/common/takes_screenshot.rb:40:in 'block in Selenium::WebDriver::TakesScreenshot#save_screenshot'
            # /usr/local/bundle/gems/selenium-webdriver-4.40.0/lib/selenium/webdriver/common/takes_screenshot.rb:40:in 'IO.open'
            # /usr/local/bundle/gems/selenium-webdriver-4.40.0/lib/selenium/webdriver/common/takes_screenshot.rb:40:in 'Selenium::WebDriver::TakesScreenshot#save_screenshot'
            # /usr/local/bundle/gems/capybara-3.40.0/lib/capybara/selenium/driver.rb:152:in 'Capybara::Selenium::Driver#save_screenshot'
            # /usr/local/bundle/gems/capybara-3.40.0/lib/capybara/session.rb:748:in 'block in Capybara::Session#save_screenshot'
            # /usr/local/bundle/gems/capybara-3.40.0/lib/capybara/session.rb:748:in 'Capybara::Session#save_screenshot'
            # ------------------
            # --- Caused by: ---
            # Selenium::WebDriver::Error::WebDriverError:
            #   #0 0x555d54671ca7 <unknown>
#1 0x555d54348c9c <unknown>
#2 0x555d54333ba9 <unknown>
#3 0x555d543338a9 <unknown>
#4 0x555d5434b9aa <unknown>
#5 0x555d543cca18 <unknown>
#6 0x555d543afce7 <unknown>
#7 0x555d543826b1 <unknown>
#8 0x555d543834c6 <unknown>
#9 0x555d5463f55a <unknown>
#10 0x555d546428ea <unknown>
#11 0x555d54642393 <unknown>
#12 0x555d54642d79 <unknown>
#13 0x555d5462fb2f <unknown>
#14 0x555d54643134 <unknown>
#15 0x555d546185aa <unknown>
#16 0x555d54662459 <unknown>
#17 0x555d54662646 <unknown>
#18 0x555d54671193 <unknown>
#19 0x7f96286a8134 <unknown>


      15.3) Failure/Error: raise ex, cause: cause

            Selenium::WebDriver::Error::WebDriverError:
              disconnected: not connected to DevTools
                (failed to check if window was closed: disconnected: not connected to DevTools)
                (Session info: chrome-headless-shell=124.0.6367.78)
            # /usr/local/bundle/gems/selenium-webdriver-4.40.0/lib/selenium/webdriver/remote/response.rb:63:in 'Selenium::WebDriver::Remote::Response#add_cause'
            # /usr/local/bundle/gems/selenium-webdriver-4.40.0/lib/selenium/webdriver/remote/response.rb:41:in 'Selenium::WebDriver::Remote::Response#error'
            # /usr/local/bundle/gems/selenium-webdriver-4.40.0/lib/selenium/webdriver/remote/response.rb:52:in 'Selenium::WebDriver::Remote::Response#assert_ok'
            # /usr/local/bundle/gems/selenium-webdriver-4.40.0/lib/selenium/webdriver/remote/response.rb:34:in 'Selenium::WebDriver::Remote::Response#initialize'
            # /usr/local/bundle/gems/selenium-webdriver-4.40.0/lib/selenium/webdriver/remote/http/common.rb:135:in 'Class#new'
            # /usr/local/bundle/gems/selenium-webdriver-4.40.0/lib/selenium/webdriver/remote/http/common.rb:135:in 'Selenium::WebDriver::Remote::Http::Common#create_response'
            # /usr/local/bundle/gems/selenium-webdriver-4.40.0/lib/selenium/webdriver/remote/http/default.rb:103:in 'Selenium::WebDriver::Remote::Http::Default#request'
            # /usr/local/bundle/gems/selenium-webdriver-4.40.0/lib/selenium/webdriver/remote/http/common.rb:70:in 'Selenium::WebDriver::Remote::Http::Common#call'
            # /usr/local/bundle/gems/selenium-webdriver-4.40.0/lib/selenium/webdriver/remote/bridge.rb:633:in 'Selenium::WebDriver::Remote::Bridge#execute'
            # /usr/local/bundle/gems/selenium-webdriver-4.40.0/lib/selenium/webdriver/remote/bridge.rb:348:in 'Selenium::WebDriver::Remote::Bridge#delete_all_cookies'
            # /usr/local/bundle/gems/selenium-webdriver-4.40.0/lib/selenium/webdriver/common/manager.rb:92:in 'Selenium::WebDriver::Manager#delete_all_cookies'
            # /usr/local/bundle/gems/capybara-3.40.0/lib/capybara/selenium/driver.rb:345:in 'Capybara::Selenium::Driver#delete_all_cookies'
            # /usr/local/bundle/gems/capybara-3.40.0/lib/capybara/selenium/driver.rb:328:in 'Capybara::Selenium::Driver#clear_browser_state'
            # /usr/local/bundle/gems/capybara-3.40.0/lib/capybara/selenium/driver.rb:485:in 'Capybara::Selenium::Driver#reset_browser_state'
            # /usr/local/bundle/gems/capybara-3.40.0/lib/capybara/selenium/driver.rb:164:in 'Capybara::Selenium::Driver#reset!'
            # /usr/local/bundle/gems/capybara-3.40.0/lib/capybara/session.rb:132:in 'Capybara::Session#reset!'
            # /usr/local/bundle/gems/capybara-3.40.0/lib/capybara.rb:327:in 'block in Capybara.reset_sessions!'
            # /usr/local/bundle/gems/capybara-3.40.0/lib/capybara.rb:327:in 'Enumerable#reverse_each'
            # /usr/local/bundle/gems/capybara-3.40.0/lib/capybara.rb:327:in 'Capybara.reset_sessions!'
            # /usr/local/bundle/gems/capybara-3.40.0/lib/capybara/rspec.rb:20:in 'block (2 levels) in <top (required)>'
            # ------------------
            # --- Caused by: ---
            # Selenium::WebDriver::Error::WebDriverError:
            #   #0 0x555d54671ca7 <unknown>
#1 0x555d54348c9c <unknown>
#2 0x555d54333ba9 <unknown>
#3 0x555d543338a9 <unknown>
#4 0x555d5434b9aa <unknown>
#5 0x555d543cca18 <unknown>
#6 0x555d543afce7 <unknown>
#7 0x555d543826b1 <unknown>
#8 0x555d543834c6 <unknown>
#9 0x555d5463f55a <unknown>
#10 0x555d546428ea <unknown>
#11 0x555d54642393 <unknown>
#12 0x555d54642d79 <unknown>
#13 0x555d5462fb2f <unknown>
#14 0x555d54643134 <unknown>
#15 0x555d546185aa <unknown>
#16 0x555d54662459 <unknown>
#17 0x555d54662646 <unknown>
#18 0x555d54671193 <unknown>
#19 0x7f96286a8134 <unknown>


      15.4) Failure/Error: raise ex, cause: cause

            Selenium::WebDriver::Error::WebDriverError:
              disconnected: not connected to DevTools
                (failed to check if window was closed: disconnected: not connected to DevTools)
                (Session info: chrome-headless-shell=124.0.6367.78)
            # /usr/local/bundle/gems/selenium-webdriver-4.40.0/lib/selenium/webdriver/remote/response.rb:63:in 'Selenium::WebDriver::Remote::Response#add_cause'
            # /usr/local/bundle/gems/selenium-webdriver-4.40.0/lib/selenium/webdriver/remote/response.rb:41:in 'Selenium::WebDriver::Remote::Response#error'
            # /usr/local/bundle/gems/selenium-webdriver-4.40.0/lib/selenium/webdriver/remote/response.rb:52:in 'Selenium::WebDriver::Remote::Response#assert_ok'
            # /usr/local/bundle/gems/selenium-webdriver-4.40.0/lib/selenium/webdriver/remote/response.rb:34:in 'Selenium::WebDriver::Remote::Response#initialize'
            # /usr/local/bundle/gems/selenium-webdriver-4.40.0/lib/selenium/webdriver/remote/http/common.rb:135:in 'Class#new'
            # /usr/local/bundle/gems/selenium-webdriver-4.40.0/lib/selenium/webdriver/remote/http/common.rb:135:in 'Selenium::WebDriver::Remote::Http::Common#create_response'
            # /usr/local/bundle/gems/selenium-webdriver-4.40.0/lib/selenium/webdriver/remote/http/default.rb:103:in 'Selenium::WebDriver::Remote::Http::Default#request'
            # /usr/local/bundle/gems/selenium-webdriver-4.40.0/lib/selenium/webdriver/remote/http/common.rb:70:in 'Selenium::WebDriver::Remote::Http::Common#call'
            # /usr/local/bundle/gems/selenium-webdriver-4.40.0/lib/selenium/webdriver/remote/bridge.rb:633:in 'Selenium::WebDriver::Remote::Bridge#execute'
            # /usr/local/bundle/gems/selenium-webdriver-4.40.0/lib/selenium/webdriver/remote/bridge.rb:348:in 'Selenium::WebDriver::Remote::Bridge#delete_all_cookies'
            # /usr/local/bundle/gems/selenium-webdriver-4.40.0/lib/selenium/webdriver/common/manager.rb:92:in 'Selenium::WebDriver::Manager#delete_all_cookies'
            # /usr/local/bundle/gems/capybara-3.40.0/lib/capybara/selenium/driver.rb:345:in 'Capybara::Selenium::Driver#delete_all_cookies'
            # /usr/local/bundle/gems/capybara-3.40.0/lib/capybara/selenium/driver.rb:328:in 'Capybara::Selenium::Driver#clear_browser_state'
            # /usr/local/bundle/gems/capybara-3.40.0/lib/capybara/selenium/driver.rb:485:in 'Capybara::Selenium::Driver#reset_browser_state'
            # /usr/local/bundle/gems/capybara-3.40.0/lib/capybara/selenium/driver.rb:164:in 'Capybara::Selenium::Driver#reset!'
            # /usr/local/bundle/gems/capybara-3.40.0/lib/capybara/session.rb:132:in 'Capybara::Session#reset!'
            # /usr/local/bundle/gems/capybara-3.40.0/lib/capybara.rb:327:in 'block in Capybara.reset_sessions!'
            # /usr/local/bundle/gems/capybara-3.40.0/lib/capybara.rb:327:in 'Enumerable#reverse_each'
            # /usr/local/bundle/gems/capybara-3.40.0/lib/capybara.rb:327:in 'Capybara.reset_sessions!'
            # ------------------
            # --- Caused by: ---
            # Selenium::WebDriver::Error::WebDriverError:
            #   #0 0x555d54671ca7 <unknown>
#1 0x555d54348c9c <unknown>
#2 0x555d54333ba9 <unknown>
#3 0x555d543338a9 <unknown>
#4 0x555d5434b9aa <unknown>
#5 0x555d543cca18 <unknown>
#6 0x555d543afce7 <unknown>
#7 0x555d543826b1 <unknown>
#8 0x555d543834c6 <unknown>
#9 0x555d5463f55a <unknown>
#10 0x555d546428ea <unknown>
#11 0x555d54642393 <unknown>
#12 0x555d54642d79 <unknown>
#13 0x555d5462fb2f <unknown>
#14 0x555d54643134 <unknown>
#15 0x555d546185aa <unknown>
#16 0x555d54662459 <unknown>
#17 0x555d54662646 <unknown>
#18 0x555d54671193 <unknown>
#19 0x7f96286a8134 <unknown>


  16) Relationships フォロー機能 正常系 フォロー解除できる
      Got 0 failures and 4 other errors:

      16.1) Failure/Error: visit login_path

            Selenium::WebDriver::Error::WebDriverError:
              disconnected: not connected to DevTools
                (failed to check if window was closed: disconnected: not connected to DevTools)
                (Session info: chrome-headless-shell=124.0.6367.78)
            # /usr/local/bundle/gems/selenium-webdriver-4.40.0/lib/selenium/webdriver/remote/response.rb:63:in 'Selenium::WebDriver::Remote::Response#add_cause'
            # /usr/local/bundle/gems/selenium-webdriver-4.40.0/lib/selenium/webdriver/remote/response.rb:41:in 'Selenium::WebDriver::Remote::Response#error'
            # /usr/local/bundle/gems/selenium-webdriver-4.40.0/lib/selenium/webdriver/remote/response.rb:52:in 'Selenium::WebDriver::Remote::Response#assert_ok'
            # /usr/local/bundle/gems/selenium-webdriver-4.40.0/lib/selenium/webdriver/remote/response.rb:34:in 'Selenium::WebDriver::Remote::Response#initialize'
            # /usr/local/bundle/gems/selenium-webdriver-4.40.0/lib/selenium/webdriver/remote/http/common.rb:135:in 'Class#new'
            # /usr/local/bundle/gems/selenium-webdriver-4.40.0/lib/selenium/webdriver/remote/http/common.rb:135:in 'Selenium::WebDriver::Remote::Http::Common#create_response'
            # /usr/local/bundle/gems/selenium-webdriver-4.40.0/lib/selenium/webdriver/remote/http/default.rb:103:in 'Selenium::WebDriver::Remote::Http::Default#request'
            # /usr/local/bundle/gems/selenium-webdriver-4.40.0/lib/selenium/webdriver/remote/http/common.rb:70:in 'Selenium::WebDriver::Remote::Http::Common#call'
            # /usr/local/bundle/gems/selenium-webdriver-4.40.0/lib/selenium/webdriver/remote/bridge.rb:633:in 'Selenium::WebDriver::Remote::Bridge#execute'
            # /usr/local/bundle/gems/selenium-webdriver-4.40.0/lib/selenium/webdriver/remote/bridge.rb:119:in 'Selenium::WebDriver::Remote::Bridge#get'
            # /usr/local/bundle/gems/selenium-webdriver-4.40.0/lib/selenium/webdriver/common/navigation.rb:32:in 'Selenium::WebDriver::Navigation#to'
            # /usr/local/bundle/gems/capybara-3.40.0/lib/capybara/selenium/driver.rb:95:in 'Capybara::Selenium::Driver#visit'
            # /usr/local/bundle/gems/capybara-3.40.0/lib/capybara/session.rb:281:in 'Capybara::Session#visit'
            # /usr/local/bundle/gems/capybara-3.40.0/lib/capybara/dsl.rb:52:in 'Method#call'
            # /usr/local/bundle/gems/capybara-3.40.0/lib/capybara/dsl.rb:52:in 'Capybara::DSL#visit'
            # ./spec/support/login_macros.rb:3:in 'LoginMacros#login_as'
            # ./spec/system/relationships_spec.rb:9:in 'block (3 levels) in <top (required)>'
            # ------------------
            # --- Caused by: ---
            # Selenium::WebDriver::Error::WebDriverError:
            #   #0 0x555d54671ca7 <unknown>
#1 0x555d54348c9c <unknown>
#2 0x555d54333ba9 <unknown>
#3 0x555d543338a9 <unknown>
#4 0x555d5434b9aa <unknown>
#5 0x555d543cca18 <unknown>
#6 0x555d543afce7 <unknown>
#7 0x555d543826b1 <unknown>
#8 0x555d543834c6 <unknown>
#9 0x555d5463f55a <unknown>
#10 0x555d546428ea <unknown>
#11 0x555d54642393 <unknown>
#12 0x555d54642d79 <unknown>
#13 0x555d5462fb2f <unknown>
#14 0x555d54643134 <unknown>
#15 0x555d546185aa <unknown>
#16 0x555d54662459 <unknown>
#17 0x555d54662646 <unknown>
#18 0x555d54671193 <unknown>
#19 0x7f96286a8134 <unknown>


      16.2) Failure/Error: raise ex, cause: cause

            Selenium::WebDriver::Error::WebDriverError:
              disconnected: not connected to DevTools
                (failed to check if window was closed: disconnected: not connected to DevTools)
                (Session info: chrome-headless-shell=124.0.6367.78)
            # /usr/local/bundle/gems/selenium-webdriver-4.40.0/lib/selenium/webdriver/remote/response.rb:63:in 'Selenium::WebDriver::Remote::Response#add_cause'
            # /usr/local/bundle/gems/selenium-webdriver-4.40.0/lib/selenium/webdriver/remote/response.rb:41:in 'Selenium::WebDriver::Remote::Response#error'
            # /usr/local/bundle/gems/selenium-webdriver-4.40.0/lib/selenium/webdriver/remote/response.rb:52:in 'Selenium::WebDriver::Remote::Response#assert_ok'
            # /usr/local/bundle/gems/selenium-webdriver-4.40.0/lib/selenium/webdriver/remote/response.rb:34:in 'Selenium::WebDriver::Remote::Response#initialize'
            # /usr/local/bundle/gems/selenium-webdriver-4.40.0/lib/selenium/webdriver/remote/http/common.rb:135:in 'Class#new'
            # /usr/local/bundle/gems/selenium-webdriver-4.40.0/lib/selenium/webdriver/remote/http/common.rb:135:in 'Selenium::WebDriver::Remote::Http::Common#create_response'
            # /usr/local/bundle/gems/selenium-webdriver-4.40.0/lib/selenium/webdriver/remote/http/default.rb:103:in 'Selenium::WebDriver::Remote::Http::Default#request'
            # /usr/local/bundle/gems/selenium-webdriver-4.40.0/lib/selenium/webdriver/remote/http/common.rb:70:in 'Selenium::WebDriver::Remote::Http::Common#call'
            # /usr/local/bundle/gems/selenium-webdriver-4.40.0/lib/selenium/webdriver/remote/bridge.rb:633:in 'Selenium::WebDriver::Remote::Bridge#execute'
            # /usr/local/bundle/gems/selenium-webdriver-4.40.0/lib/selenium/webdriver/remote/bridge.rb:300:in 'Selenium::WebDriver::Remote::Bridge#screenshot'
            # /usr/local/bundle/gems/selenium-webdriver-4.40.0/lib/selenium/webdriver/common/driver.rb:330:in 'Selenium::WebDriver::Driver#screenshot'
            # /usr/local/bundle/gems/selenium-webdriver-4.40.0/lib/selenium/webdriver/common/takes_screenshot.rb:59:in 'Selenium::WebDriver::TakesScreenshot#screenshot_as'
            # /usr/local/bundle/gems/selenium-webdriver-4.40.0/lib/selenium/webdriver/common/takes_screenshot.rb:61:in 'Selenium::WebDriver::TakesScreenshot#screenshot_as'
            # /usr/local/bundle/gems/selenium-webdriver-4.40.0/lib/selenium/webdriver/common/takes_screenshot.rb:40:in 'block in Selenium::WebDriver::TakesScreenshot#save_screenshot'
            # /usr/local/bundle/gems/selenium-webdriver-4.40.0/lib/selenium/webdriver/common/takes_screenshot.rb:40:in 'IO.open'
            # /usr/local/bundle/gems/selenium-webdriver-4.40.0/lib/selenium/webdriver/common/takes_screenshot.rb:40:in 'Selenium::WebDriver::TakesScreenshot#save_screenshot'
            # /usr/local/bundle/gems/capybara-3.40.0/lib/capybara/selenium/driver.rb:152:in 'Capybara::Selenium::Driver#save_screenshot'
            # /usr/local/bundle/gems/capybara-3.40.0/lib/capybara/session.rb:748:in 'block in Capybara::Session#save_screenshot'
            # /usr/local/bundle/gems/capybara-3.40.0/lib/capybara/session.rb:748:in 'Capybara::Session#save_screenshot'
            # ------------------
            # --- Caused by: ---
            # Selenium::WebDriver::Error::WebDriverError:
            #   #0 0x555d54671ca7 <unknown>
#1 0x555d54348c9c <unknown>
#2 0x555d54333ba9 <unknown>
#3 0x555d543338a9 <unknown>
#4 0x555d5434b9aa <unknown>
#5 0x555d543cca18 <unknown>
#6 0x555d543afce7 <unknown>
#7 0x555d543826b1 <unknown>
#8 0x555d543834c6 <unknown>
#9 0x555d5463f55a <unknown>
#10 0x555d546428ea <unknown>
#11 0x555d54642393 <unknown>
#12 0x555d54642d79 <unknown>
#13 0x555d5462fb2f <unknown>
#14 0x555d54643134 <unknown>
#15 0x555d546185aa <unknown>
#16 0x555d54662459 <unknown>
#17 0x555d54662646 <unknown>
#18 0x555d54671193 <unknown>
#19 0x7f96286a8134 <unknown>


      16.3) Failure/Error: raise ex, cause: cause

            Selenium::WebDriver::Error::WebDriverError:
              disconnected: not connected to DevTools
                (failed to check if window was closed: disconnected: not connected to DevTools)
                (Session info: chrome-headless-shell=124.0.6367.78)
            # /usr/local/bundle/gems/selenium-webdriver-4.40.0/lib/selenium/webdriver/remote/response.rb:63:in 'Selenium::WebDriver::Remote::Response#add_cause'
            # /usr/local/bundle/gems/selenium-webdriver-4.40.0/lib/selenium/webdriver/remote/response.rb:41:in 'Selenium::WebDriver::Remote::Response#error'
            # /usr/local/bundle/gems/selenium-webdriver-4.40.0/lib/selenium/webdriver/remote/response.rb:52:in 'Selenium::WebDriver::Remote::Response#assert_ok'
            # /usr/local/bundle/gems/selenium-webdriver-4.40.0/lib/selenium/webdriver/remote/response.rb:34:in 'Selenium::WebDriver::Remote::Response#initialize'
            # /usr/local/bundle/gems/selenium-webdriver-4.40.0/lib/selenium/webdriver/remote/http/common.rb:135:in 'Class#new'
            # /usr/local/bundle/gems/selenium-webdriver-4.40.0/lib/selenium/webdriver/remote/http/common.rb:135:in 'Selenium::WebDriver::Remote::Http::Common#create_response'
            # /usr/local/bundle/gems/selenium-webdriver-4.40.0/lib/selenium/webdriver/remote/http/default.rb:103:in 'Selenium::WebDriver::Remote::Http::Default#request'
            # /usr/local/bundle/gems/selenium-webdriver-4.40.0/lib/selenium/webdriver/remote/http/common.rb:70:in 'Selenium::WebDriver::Remote::Http::Common#call'
            # /usr/local/bundle/gems/selenium-webdriver-4.40.0/lib/selenium/webdriver/remote/bridge.rb:633:in 'Selenium::WebDriver::Remote::Bridge#execute'
            # /usr/local/bundle/gems/selenium-webdriver-4.40.0/lib/selenium/webdriver/remote/bridge.rb:348:in 'Selenium::WebDriver::Remote::Bridge#delete_all_cookies'
            # /usr/local/bundle/gems/selenium-webdriver-4.40.0/lib/selenium/webdriver/common/manager.rb:92:in 'Selenium::WebDriver::Manager#delete_all_cookies'
            # /usr/local/bundle/gems/capybara-3.40.0/lib/capybara/selenium/driver.rb:345:in 'Capybara::Selenium::Driver#delete_all_cookies'
            # /usr/local/bundle/gems/capybara-3.40.0/lib/capybara/selenium/driver.rb:328:in 'Capybara::Selenium::Driver#clear_browser_state'
            # /usr/local/bundle/gems/capybara-3.40.0/lib/capybara/selenium/driver.rb:485:in 'Capybara::Selenium::Driver#reset_browser_state'
            # /usr/local/bundle/gems/capybara-3.40.0/lib/capybara/selenium/driver.rb:164:in 'Capybara::Selenium::Driver#reset!'
            # /usr/local/bundle/gems/capybara-3.40.0/lib/capybara/session.rb:132:in 'Capybara::Session#reset!'
            # /usr/local/bundle/gems/capybara-3.40.0/lib/capybara.rb:327:in 'block in Capybara.reset_sessions!'
            # /usr/local/bundle/gems/capybara-3.40.0/lib/capybara.rb:327:in 'Enumerable#reverse_each'
            # /usr/local/bundle/gems/capybara-3.40.0/lib/capybara.rb:327:in 'Capybara.reset_sessions!'
            # /usr/local/bundle/gems/capybara-3.40.0/lib/capybara/rspec.rb:20:in 'block (2 levels) in <top (required)>'
            # ------------------
            # --- Caused by: ---
            # Selenium::WebDriver::Error::WebDriverError:
            #   #0 0x555d54671ca7 <unknown>
#1 0x555d54348c9c <unknown>
#2 0x555d54333ba9 <unknown>
#3 0x555d543338a9 <unknown>
#4 0x555d5434b9aa <unknown>
#5 0x555d543cca18 <unknown>
#6 0x555d543afce7 <unknown>
#7 0x555d543826b1 <unknown>
#8 0x555d543834c6 <unknown>
#9 0x555d5463f55a <unknown>
#10 0x555d546428ea <unknown>
#11 0x555d54642393 <unknown>
#12 0x555d54642d79 <unknown>
#13 0x555d5462fb2f <unknown>
#14 0x555d54643134 <unknown>
#15 0x555d546185aa <unknown>
#16 0x555d54662459 <unknown>
#17 0x555d54662646 <unknown>
#18 0x555d54671193 <unknown>
#19 0x7f96286a8134 <unknown>


      16.4) Failure/Error: raise ex, cause: cause

            Selenium::WebDriver::Error::WebDriverError:
              disconnected: not connected to DevTools
                (failed to check if window was closed: disconnected: not connected to DevTools)
                (Session info: chrome-headless-shell=124.0.6367.78)
            # /usr/local/bundle/gems/selenium-webdriver-4.40.0/lib/selenium/webdriver/remote/response.rb:63:in 'Selenium::WebDriver::Remote::Response#add_cause'
            # /usr/local/bundle/gems/selenium-webdriver-4.40.0/lib/selenium/webdriver/remote/response.rb:41:in 'Selenium::WebDriver::Remote::Response#error'
            # /usr/local/bundle/gems/selenium-webdriver-4.40.0/lib/selenium/webdriver/remote/response.rb:52:in 'Selenium::WebDriver::Remote::Response#assert_ok'
            # /usr/local/bundle/gems/selenium-webdriver-4.40.0/lib/selenium/webdriver/remote/response.rb:34:in 'Selenium::WebDriver::Remote::Response#initialize'
            # /usr/local/bundle/gems/selenium-webdriver-4.40.0/lib/selenium/webdriver/remote/http/common.rb:135:in 'Class#new'
            # /usr/local/bundle/gems/selenium-webdriver-4.40.0/lib/selenium/webdriver/remote/http/common.rb:135:in 'Selenium::WebDriver::Remote::Http::Common#create_response'
            # /usr/local/bundle/gems/selenium-webdriver-4.40.0/lib/selenium/webdriver/remote/http/default.rb:103:in 'Selenium::WebDriver::Remote::Http::Default#request'
            # /usr/local/bundle/gems/selenium-webdriver-4.40.0/lib/selenium/webdriver/remote/http/common.rb:70:in 'Selenium::WebDriver::Remote::Http::Common#call'
            # /usr/local/bundle/gems/selenium-webdriver-4.40.0/lib/selenium/webdriver/remote/bridge.rb:633:in 'Selenium::WebDriver::Remote::Bridge#execute'
            # /usr/local/bundle/gems/selenium-webdriver-4.40.0/lib/selenium/webdriver/remote/bridge.rb:348:in 'Selenium::WebDriver::Remote::Bridge#delete_all_cookies'
            # /usr/local/bundle/gems/selenium-webdriver-4.40.0/lib/selenium/webdriver/common/manager.rb:92:in 'Selenium::WebDriver::Manager#delete_all_cookies'
            # /usr/local/bundle/gems/capybara-3.40.0/lib/capybara/selenium/driver.rb:345:in 'Capybara::Selenium::Driver#delete_all_cookies'
            # /usr/local/bundle/gems/capybara-3.40.0/lib/capybara/selenium/driver.rb:328:in 'Capybara::Selenium::Driver#clear_browser_state'
            # /usr/local/bundle/gems/capybara-3.40.0/lib/capybara/selenium/driver.rb:485:in 'Capybara::Selenium::Driver#reset_browser_state'
            # /usr/local/bundle/gems/capybara-3.40.0/lib/capybara/selenium/driver.rb:164:in 'Capybara::Selenium::Driver#reset!'
            # /usr/local/bundle/gems/capybara-3.40.0/lib/capybara/session.rb:132:in 'Capybara::Session#reset!'
            # /usr/local/bundle/gems/capybara-3.40.0/lib/capybara.rb:327:in 'block in Capybara.reset_sessions!'
            # /usr/local/bundle/gems/capybara-3.40.0/lib/capybara.rb:327:in 'Enumerable#reverse_each'
            # /usr/local/bundle/gems/capybara-3.40.0/lib/capybara.rb:327:in 'Capybara.reset_sessions!'
            # ------------------
            # --- Caused by: ---
            # Selenium::WebDriver::Error::WebDriverError:
            #   #0 0x555d54671ca7 <unknown>
#1 0x555d54348c9c <unknown>
#2 0x555d54333ba9 <unknown>
#3 0x555d543338a9 <unknown>
#4 0x555d5434b9aa <unknown>
#5 0x555d543cca18 <unknown>
#6 0x555d543afce7 <unknown>
#7 0x555d543826b1 <unknown>
#8 0x555d543834c6 <unknown>
#9 0x555d5463f55a <unknown>
#10 0x555d546428ea <unknown>
#11 0x555d54642393 <unknown>
#12 0x555d54642d79 <unknown>
#13 0x555d5462fb2f <unknown>
#14 0x555d54643134 <unknown>
#15 0x555d546185aa <unknown>
#16 0x555d54662459 <unknown>
#17 0x555d54662646 <unknown>
#18 0x555d54671193 <unknown>
#19 0x7f96286a8134 <unknown>


  17) Relationships フォロー機能 正常系 自分のユーザー詳細画面にフォローボタンが表示されない
      Got 0 failures and 2 other errors:

      17.1) Failure/Error: raise ex, cause: cause

            Selenium::WebDriver::Error::WebDriverError:
              disconnected: not connected to DevTools
                (failed to check if window was closed: disconnected: not connected to DevTools)
                (Session info: chrome-headless-shell=124.0.6367.78)
            # /usr/local/bundle/gems/selenium-webdriver-4.40.0/lib/selenium/webdriver/remote/response.rb:63:in 'Selenium::WebDriver::Remote::Response#add_cause'
            # /usr/local/bundle/gems/selenium-webdriver-4.40.0/lib/selenium/webdriver/remote/response.rb:41:in 'Selenium::WebDriver::Remote::Response#error'
            # /usr/local/bundle/gems/selenium-webdriver-4.40.0/lib/selenium/webdriver/remote/response.rb:52:in 'Selenium::WebDriver::Remote::Response#assert_ok'
            # /usr/local/bundle/gems/selenium-webdriver-4.40.0/lib/selenium/webdriver/remote/response.rb:34:in 'Selenium::WebDriver::Remote::Response#initialize'
            # /usr/local/bundle/gems/selenium-webdriver-4.40.0/lib/selenium/webdriver/remote/http/common.rb:135:in 'Class#new'
            # /usr/local/bundle/gems/selenium-webdriver-4.40.0/lib/selenium/webdriver/remote/http/common.rb:135:in 'Selenium::WebDriver::Remote::Http::Common#create_response'
            # /usr/local/bundle/gems/selenium-webdriver-4.40.0/lib/selenium/webdriver/remote/http/default.rb:103:in 'Selenium::WebDriver::Remote::Http::Default#request'
            # /usr/local/bundle/gems/selenium-webdriver-4.40.0/lib/selenium/webdriver/remote/http/common.rb:70:in 'Selenium::WebDriver::Remote::Http::Common#call'
            # /usr/local/bundle/gems/selenium-webdriver-4.40.0/lib/selenium/webdriver/remote/bridge.rb:633:in 'Selenium::WebDriver::Remote::Bridge#execute'
            # /usr/local/bundle/gems/selenium-webdriver-4.40.0/lib/selenium/webdriver/remote/bridge.rb:348:in 'Selenium::WebDriver::Remote::Bridge#delete_all_cookies'
            # /usr/local/bundle/gems/selenium-webdriver-4.40.0/lib/selenium/webdriver/common/manager.rb:92:in 'Selenium::WebDriver::Manager#delete_all_cookies'
            # /usr/local/bundle/gems/capybara-3.40.0/lib/capybara/selenium/driver.rb:345:in 'Capybara::Selenium::Driver#delete_all_cookies'
            # /usr/local/bundle/gems/capybara-3.40.0/lib/capybara/selenium/driver.rb:328:in 'Capybara::Selenium::Driver#clear_browser_state'
            # /usr/local/bundle/gems/capybara-3.40.0/lib/capybara/selenium/driver.rb:485:in 'Capybara::Selenium::Driver#reset_browser_state'
            # /usr/local/bundle/gems/capybara-3.40.0/lib/capybara/selenium/driver.rb:164:in 'Capybara::Selenium::Driver#reset!'
            # /usr/local/bundle/gems/capybara-3.40.0/lib/capybara/session.rb:132:in 'Capybara::Session#reset!'
            # /usr/local/bundle/gems/capybara-3.40.0/lib/capybara.rb:327:in 'block in Capybara.reset_sessions!'
            # /usr/local/bundle/gems/capybara-3.40.0/lib/capybara.rb:327:in 'Enumerable#reverse_each'
            # /usr/local/bundle/gems/capybara-3.40.0/lib/capybara.rb:327:in 'Capybara.reset_sessions!'
            # /usr/local/bundle/gems/capybara-3.40.0/lib/capybara/rspec.rb:20:in 'block (2 levels) in <top (required)>'
            # ------------------
            # --- Caused by: ---
            # Selenium::WebDriver::Error::WebDriverError:
            #   #0 0x555d54671ca7 <unknown>
#1 0x555d54348c9c <unknown>
#2 0x555d54333ba9 <unknown>
#3 0x555d543338a9 <unknown>
#4 0x555d5434b9aa <unknown>
#5 0x555d543cca18 <unknown>
#6 0x555d543afce7 <unknown>
#7 0x555d543826b1 <unknown>
#8 0x555d543834c6 <unknown>
#9 0x555d5463f55a <unknown>
#10 0x555d546428ea <unknown>
#11 0x555d54642393 <unknown>
#12 0x555d54642d79 <unknown>
#13 0x555d5462fb2f <unknown>
#14 0x555d54643134 <unknown>
#15 0x555d546185aa <unknown>
#16 0x555d54662459 <unknown>
#17 0x555d54662646 <unknown>
#18 0x555d54671193 <unknown>
#19 0x7f96286a8134 <unknown>


      17.2) Failure/Error: raise ex, cause: cause

            Selenium::WebDriver::Error::WebDriverError:
              disconnected: not connected to DevTools
                (failed to check if window was closed: disconnected: not connected to DevTools)
                (Session info: chrome-headless-shell=124.0.6367.78)
            # /usr/local/bundle/gems/selenium-webdriver-4.40.0/lib/selenium/webdriver/remote/response.rb:63:in 'Selenium::WebDriver::Remote::Response#add_cause'
            # /usr/local/bundle/gems/selenium-webdriver-4.40.0/lib/selenium/webdriver/remote/response.rb:41:in 'Selenium::WebDriver::Remote::Response#error'
            # /usr/local/bundle/gems/selenium-webdriver-4.40.0/lib/selenium/webdriver/remote/response.rb:52:in 'Selenium::WebDriver::Remote::Response#assert_ok'
            # /usr/local/bundle/gems/selenium-webdriver-4.40.0/lib/selenium/webdriver/remote/response.rb:34:in 'Selenium::WebDriver::Remote::Response#initialize'
            # /usr/local/bundle/gems/selenium-webdriver-4.40.0/lib/selenium/webdriver/remote/http/common.rb:135:in 'Class#new'
            # /usr/local/bundle/gems/selenium-webdriver-4.40.0/lib/selenium/webdriver/remote/http/common.rb:135:in 'Selenium::WebDriver::Remote::Http::Common#create_response'
            # /usr/local/bundle/gems/selenium-webdriver-4.40.0/lib/selenium/webdriver/remote/http/default.rb:103:in 'Selenium::WebDriver::Remote::Http::Default#request'
            # /usr/local/bundle/gems/selenium-webdriver-4.40.0/lib/selenium/webdriver/remote/http/common.rb:70:in 'Selenium::WebDriver::Remote::Http::Common#call'
            # /usr/local/bundle/gems/selenium-webdriver-4.40.0/lib/selenium/webdriver/remote/bridge.rb:633:in 'Selenium::WebDriver::Remote::Bridge#execute'
            # /usr/local/bundle/gems/selenium-webdriver-4.40.0/lib/selenium/webdriver/remote/bridge.rb:348:in 'Selenium::WebDriver::Remote::Bridge#delete_all_cookies'
            # /usr/local/bundle/gems/selenium-webdriver-4.40.0/lib/selenium/webdriver/common/manager.rb:92:in 'Selenium::WebDriver::Manager#delete_all_cookies'
            # /usr/local/bundle/gems/capybara-3.40.0/lib/capybara/selenium/driver.rb:345:in 'Capybara::Selenium::Driver#delete_all_cookies'
            # /usr/local/bundle/gems/capybara-3.40.0/lib/capybara/selenium/driver.rb:328:in 'Capybara::Selenium::Driver#clear_browser_state'
            # /usr/local/bundle/gems/capybara-3.40.0/lib/capybara/selenium/driver.rb:485:in 'Capybara::Selenium::Driver#reset_browser_state'
            # /usr/local/bundle/gems/capybara-3.40.0/lib/capybara/selenium/driver.rb:164:in 'Capybara::Selenium::Driver#reset!'
            # /usr/local/bundle/gems/capybara-3.40.0/lib/capybara/session.rb:132:in 'Capybara::Session#reset!'
            # /usr/local/bundle/gems/capybara-3.40.0/lib/capybara.rb:327:in 'block in Capybara.reset_sessions!'
            # /usr/local/bundle/gems/capybara-3.40.0/lib/capybara.rb:327:in 'Enumerable#reverse_each'
            # /usr/local/bundle/gems/capybara-3.40.0/lib/capybara.rb:327:in 'Capybara.reset_sessions!'
            # ------------------
            # --- Caused by: ---
            # Selenium::WebDriver::Error::WebDriverError:
            #   #0 0x555d54671ca7 <unknown>
#1 0x555d54348c9c <unknown>
#2 0x555d54333ba9 <unknown>
#3 0x555d543338a9 <unknown>
#4 0x555d5434b9aa <unknown>
#5 0x555d543cca18 <unknown>
#6 0x555d543afce7 <unknown>
#7 0x555d543826b1 <unknown>
#8 0x555d543834c6 <unknown>
#9 0x555d5463f55a <unknown>
#10 0x555d546428ea <unknown>
#11 0x555d54642393 <unknown>
#12 0x555d54642d79 <unknown>
#13 0x555d5462fb2f <unknown>
#14 0x555d54643134 <unknown>
#15 0x555d546185aa <unknown>
#16 0x555d54662459 <unknown>
#17 0x555d54662646 <unknown>
#18 0x555d54671193 <unknown>
#19 0x7f96286a8134 <unknown>


  18) Relationships フォロー機能 正常系 他人のユーザー詳細画面にフォローボタンが表示される
      Got 0 failures and 2 other errors:

      18.1) Failure/Error: raise ex, cause: cause

            Selenium::WebDriver::Error::WebDriverError:
              disconnected: not connected to DevTools
                (failed to check if window was closed: disconnected: not connected to DevTools)
                (Session info: chrome-headless-shell=124.0.6367.78)
            # /usr/local/bundle/gems/selenium-webdriver-4.40.0/lib/selenium/webdriver/remote/response.rb:63:in 'Selenium::WebDriver::Remote::Response#add_cause'
            # /usr/local/bundle/gems/selenium-webdriver-4.40.0/lib/selenium/webdriver/remote/response.rb:41:in 'Selenium::WebDriver::Remote::Response#error'
            # /usr/local/bundle/gems/selenium-webdriver-4.40.0/lib/selenium/webdriver/remote/response.rb:52:in 'Selenium::WebDriver::Remote::Response#assert_ok'
            # /usr/local/bundle/gems/selenium-webdriver-4.40.0/lib/selenium/webdriver/remote/response.rb:34:in 'Selenium::WebDriver::Remote::Response#initialize'
            # /usr/local/bundle/gems/selenium-webdriver-4.40.0/lib/selenium/webdriver/remote/http/common.rb:135:in 'Class#new'
            # /usr/local/bundle/gems/selenium-webdriver-4.40.0/lib/selenium/webdriver/remote/http/common.rb:135:in 'Selenium::WebDriver::Remote::Http::Common#create_response'
            # /usr/local/bundle/gems/selenium-webdriver-4.40.0/lib/selenium/webdriver/remote/http/default.rb:103:in 'Selenium::WebDriver::Remote::Http::Default#request'
            # /usr/local/bundle/gems/selenium-webdriver-4.40.0/lib/selenium/webdriver/remote/http/common.rb:70:in 'Selenium::WebDriver::Remote::Http::Common#call'
            # /usr/local/bundle/gems/selenium-webdriver-4.40.0/lib/selenium/webdriver/remote/bridge.rb:633:in 'Selenium::WebDriver::Remote::Bridge#execute'
            # /usr/local/bundle/gems/selenium-webdriver-4.40.0/lib/selenium/webdriver/remote/bridge.rb:348:in 'Selenium::WebDriver::Remote::Bridge#delete_all_cookies'
            # /usr/local/bundle/gems/selenium-webdriver-4.40.0/lib/selenium/webdriver/common/manager.rb:92:in 'Selenium::WebDriver::Manager#delete_all_cookies'
            # /usr/local/bundle/gems/capybara-3.40.0/lib/capybara/selenium/driver.rb:345:in 'Capybara::Selenium::Driver#delete_all_cookies'
            # /usr/local/bundle/gems/capybara-3.40.0/lib/capybara/selenium/driver.rb:328:in 'Capybara::Selenium::Driver#clear_browser_state'
            # /usr/local/bundle/gems/capybara-3.40.0/lib/capybara/selenium/driver.rb:485:in 'Capybara::Selenium::Driver#reset_browser_state'
            # /usr/local/bundle/gems/capybara-3.40.0/lib/capybara/selenium/driver.rb:164:in 'Capybara::Selenium::Driver#reset!'
            # /usr/local/bundle/gems/capybara-3.40.0/lib/capybara/session.rb:132:in 'Capybara::Session#reset!'
            # /usr/local/bundle/gems/capybara-3.40.0/lib/capybara.rb:327:in 'block in Capybara.reset_sessions!'
            # /usr/local/bundle/gems/capybara-3.40.0/lib/capybara.rb:327:in 'Enumerable#reverse_each'
            # /usr/local/bundle/gems/capybara-3.40.0/lib/capybara.rb:327:in 'Capybara.reset_sessions!'
            # /usr/local/bundle/gems/capybara-3.40.0/lib/capybara/rspec.rb:20:in 'block (2 levels) in <top (required)>'
            # ------------------
            # --- Caused by: ---
            # Selenium::WebDriver::Error::WebDriverError:
            #   #0 0x555d54671ca7 <unknown>
#1 0x555d54348c9c <unknown>
#2 0x555d54333ba9 <unknown>
#3 0x555d543338a9 <unknown>
#4 0x555d5434b9aa <unknown>
#5 0x555d543cca18 <unknown>
#6 0x555d543afce7 <unknown>
#7 0x555d543826b1 <unknown>
#8 0x555d543834c6 <unknown>
#9 0x555d5463f55a <unknown>
#10 0x555d546428ea <unknown>
#11 0x555d54642393 <unknown>
#12 0x555d54642d79 <unknown>
#13 0x555d5462fb2f <unknown>
#14 0x555d54643134 <unknown>
#15 0x555d546185aa <unknown>
#16 0x555d54662459 <unknown>
#17 0x555d54662646 <unknown>
#18 0x555d54671193 <unknown>
#19 0x7f96286a8134 <unknown>


      18.2) Failure/Error: raise ex, cause: cause

            Selenium::WebDriver::Error::WebDriverError:
              disconnected: not connected to DevTools
                (failed to check if window was closed: disconnected: not connected to DevTools)
                (Session info: chrome-headless-shell=124.0.6367.78)
            # /usr/local/bundle/gems/selenium-webdriver-4.40.0/lib/selenium/webdriver/remote/response.rb:63:in 'Selenium::WebDriver::Remote::Response#add_cause'
            # /usr/local/bundle/gems/selenium-webdriver-4.40.0/lib/selenium/webdriver/remote/response.rb:41:in 'Selenium::WebDriver::Remote::Response#error'
            # /usr/local/bundle/gems/selenium-webdriver-4.40.0/lib/selenium/webdriver/remote/response.rb:52:in 'Selenium::WebDriver::Remote::Response#assert_ok'
            # /usr/local/bundle/gems/selenium-webdriver-4.40.0/lib/selenium/webdriver/remote/response.rb:34:in 'Selenium::WebDriver::Remote::Response#initialize'
            # /usr/local/bundle/gems/selenium-webdriver-4.40.0/lib/selenium/webdriver/remote/http/common.rb:135:in 'Class#new'
            # /usr/local/bundle/gems/selenium-webdriver-4.40.0/lib/selenium/webdriver/remote/http/common.rb:135:in 'Selenium::WebDriver::Remote::Http::Common#create_response'
            # /usr/local/bundle/gems/selenium-webdriver-4.40.0/lib/selenium/webdriver/remote/http/default.rb:103:in 'Selenium::WebDriver::Remote::Http::Default#request'
            # /usr/local/bundle/gems/selenium-webdriver-4.40.0/lib/selenium/webdriver/remote/http/common.rb:70:in 'Selenium::WebDriver::Remote::Http::Common#call'
            # /usr/local/bundle/gems/selenium-webdriver-4.40.0/lib/selenium/webdriver/remote/bridge.rb:633:in 'Selenium::WebDriver::Remote::Bridge#execute'
            # /usr/local/bundle/gems/selenium-webdriver-4.40.0/lib/selenium/webdriver/remote/bridge.rb:348:in 'Selenium::WebDriver::Remote::Bridge#delete_all_cookies'
            # /usr/local/bundle/gems/selenium-webdriver-4.40.0/lib/selenium/webdriver/common/manager.rb:92:in 'Selenium::WebDriver::Manager#delete_all_cookies'
            # /usr/local/bundle/gems/capybara-3.40.0/lib/capybara/selenium/driver.rb:345:in 'Capybara::Selenium::Driver#delete_all_cookies'
            # /usr/local/bundle/gems/capybara-3.40.0/lib/capybara/selenium/driver.rb:328:in 'Capybara::Selenium::Driver#clear_browser_state'
            # /usr/local/bundle/gems/capybara-3.40.0/lib/capybara/selenium/driver.rb:485:in 'Capybara::Selenium::Driver#reset_browser_state'
            # /usr/local/bundle/gems/capybara-3.40.0/lib/capybara/selenium/driver.rb:164:in 'Capybara::Selenium::Driver#reset!'
            # /usr/local/bundle/gems/capybara-3.40.0/lib/capybara/session.rb:132:in 'Capybara::Session#reset!'
            # /usr/local/bundle/gems/capybara-3.40.0/lib/capybara.rb:327:in 'block in Capybara.reset_sessions!'
            # /usr/local/bundle/gems/capybara-3.40.0/lib/capybara.rb:327:in 'Enumerable#reverse_each'
            # /usr/local/bundle/gems/capybara-3.40.0/lib/capybara.rb:327:in 'Capybara.reset_sessions!'
            # ------------------
            # --- Caused by: ---
            # Selenium::WebDriver::Error::WebDriverError:
            #   #0 0x555d54671ca7 <unknown>
#1 0x555d54348c9c <unknown>
#2 0x555d54333ba9 <unknown>
#3 0x555d543338a9 <unknown>
#4 0x555d5434b9aa <unknown>
#5 0x555d543cca18 <unknown>
#6 0x555d543afce7 <unknown>
#7 0x555d543826b1 <unknown>
#8 0x555d543834c6 <unknown>
#9 0x555d5463f55a <unknown>
#10 0x555d546428ea <unknown>
#11 0x555d54642393 <unknown>
#12 0x555d54642d79 <unknown>
#13 0x555d5462fb2f <unknown>
#14 0x555d54643134 <unknown>
#15 0x555d546185aa <unknown>
#16 0x555d54662459 <unknown>
#17 0x555d54662646 <unknown>
#18 0x555d54671193 <unknown>
#19 0x7f96286a8134 <unknown>


  19) Relationships フォロー機能 正常系 フォローしているユーザが表示される
      Got 0 failures and 2 other errors:

      19.1) Failure/Error: raise ex, cause: cause

            Selenium::WebDriver::Error::WebDriverError:
              disconnected: not connected to DevTools
                (failed to check if window was closed: disconnected: not connected to DevTools)
                (Session info: chrome-headless-shell=124.0.6367.78)
            # /usr/local/bundle/gems/selenium-webdriver-4.40.0/lib/selenium/webdriver/remote/response.rb:63:in 'Selenium::WebDriver::Remote::Response#add_cause'
            # /usr/local/bundle/gems/selenium-webdriver-4.40.0/lib/selenium/webdriver/remote/response.rb:41:in 'Selenium::WebDriver::Remote::Response#error'
            # /usr/local/bundle/gems/selenium-webdriver-4.40.0/lib/selenium/webdriver/remote/response.rb:52:in 'Selenium::WebDriver::Remote::Response#assert_ok'
            # /usr/local/bundle/gems/selenium-webdriver-4.40.0/lib/selenium/webdriver/remote/response.rb:34:in 'Selenium::WebDriver::Remote::Response#initialize'
            # /usr/local/bundle/gems/selenium-webdriver-4.40.0/lib/selenium/webdriver/remote/http/common.rb:135:in 'Class#new'
            # /usr/local/bundle/gems/selenium-webdriver-4.40.0/lib/selenium/webdriver/remote/http/common.rb:135:in 'Selenium::WebDriver::Remote::Http::Common#create_response'
            # /usr/local/bundle/gems/selenium-webdriver-4.40.0/lib/selenium/webdriver/remote/http/default.rb:103:in 'Selenium::WebDriver::Remote::Http::Default#request'
            # /usr/local/bundle/gems/selenium-webdriver-4.40.0/lib/selenium/webdriver/remote/http/common.rb:70:in 'Selenium::WebDriver::Remote::Http::Common#call'
            # /usr/local/bundle/gems/selenium-webdriver-4.40.0/lib/selenium/webdriver/remote/bridge.rb:633:in 'Selenium::WebDriver::Remote::Bridge#execute'
            # /usr/local/bundle/gems/selenium-webdriver-4.40.0/lib/selenium/webdriver/remote/bridge.rb:348:in 'Selenium::WebDriver::Remote::Bridge#delete_all_cookies'
            # /usr/local/bundle/gems/selenium-webdriver-4.40.0/lib/selenium/webdriver/common/manager.rb:92:in 'Selenium::WebDriver::Manager#delete_all_cookies'
            # /usr/local/bundle/gems/capybara-3.40.0/lib/capybara/selenium/driver.rb:345:in 'Capybara::Selenium::Driver#delete_all_cookies'
            # /usr/local/bundle/gems/capybara-3.40.0/lib/capybara/selenium/driver.rb:328:in 'Capybara::Selenium::Driver#clear_browser_state'
            # /usr/local/bundle/gems/capybara-3.40.0/lib/capybara/selenium/driver.rb:485:in 'Capybara::Selenium::Driver#reset_browser_state'
            # /usr/local/bundle/gems/capybara-3.40.0/lib/capybara/selenium/driver.rb:164:in 'Capybara::Selenium::Driver#reset!'
            # /usr/local/bundle/gems/capybara-3.40.0/lib/capybara/session.rb:132:in 'Capybara::Session#reset!'
            # /usr/local/bundle/gems/capybara-3.40.0/lib/capybara.rb:327:in 'block in Capybara.reset_sessions!'
            # /usr/local/bundle/gems/capybara-3.40.0/lib/capybara.rb:327:in 'Enumerable#reverse_each'
            # /usr/local/bundle/gems/capybara-3.40.0/lib/capybara.rb:327:in 'Capybara.reset_sessions!'
            # /usr/local/bundle/gems/capybara-3.40.0/lib/capybara/rspec.rb:20:in 'block (2 levels) in <top (required)>'
            # ------------------
            # --- Caused by: ---
            # Selenium::WebDriver::Error::WebDriverError:
            #   #0 0x555d54671ca7 <unknown>
#1 0x555d54348c9c <unknown>
#2 0x555d54333ba9 <unknown>
#3 0x555d543338a9 <unknown>
#4 0x555d5434b9aa <unknown>
#5 0x555d543cca18 <unknown>
#6 0x555d543afce7 <unknown>
#7 0x555d543826b1 <unknown>
#8 0x555d543834c6 <unknown>
#9 0x555d5463f55a <unknown>
#10 0x555d546428ea <unknown>
#11 0x555d54642393 <unknown>
#12 0x555d54642d79 <unknown>
#13 0x555d5462fb2f <unknown>
#14 0x555d54643134 <unknown>
#15 0x555d546185aa <unknown>
#16 0x555d54662459 <unknown>
#17 0x555d54662646 <unknown>
#18 0x555d54671193 <unknown>
#19 0x7f96286a8134 <unknown>


      19.2) Failure/Error: raise ex, cause: cause

            Selenium::WebDriver::Error::WebDriverError:
              disconnected: not connected to DevTools
                (failed to check if window was closed: disconnected: not connected to DevTools)
                (Session info: chrome-headless-shell=124.0.6367.78)
            # /usr/local/bundle/gems/selenium-webdriver-4.40.0/lib/selenium/webdriver/remote/response.rb:63:in 'Selenium::WebDriver::Remote::Response#add_cause'
            # /usr/local/bundle/gems/selenium-webdriver-4.40.0/lib/selenium/webdriver/remote/response.rb:41:in 'Selenium::WebDriver::Remote::Response#error'
            # /usr/local/bundle/gems/selenium-webdriver-4.40.0/lib/selenium/webdriver/remote/response.rb:52:in 'Selenium::WebDriver::Remote::Response#assert_ok'
            # /usr/local/bundle/gems/selenium-webdriver-4.40.0/lib/selenium/webdriver/remote/response.rb:34:in 'Selenium::WebDriver::Remote::Response#initialize'
            # /usr/local/bundle/gems/selenium-webdriver-4.40.0/lib/selenium/webdriver/remote/http/common.rb:135:in 'Class#new'
            # /usr/local/bundle/gems/selenium-webdriver-4.40.0/lib/selenium/webdriver/remote/http/common.rb:135:in 'Selenium::WebDriver::Remote::Http::Common#create_response'
            # /usr/local/bundle/gems/selenium-webdriver-4.40.0/lib/selenium/webdriver/remote/http/default.rb:103:in 'Selenium::WebDriver::Remote::Http::Default#request'
            # /usr/local/bundle/gems/selenium-webdriver-4.40.0/lib/selenium/webdriver/remote/http/common.rb:70:in 'Selenium::WebDriver::Remote::Http::Common#call'
            # /usr/local/bundle/gems/selenium-webdriver-4.40.0/lib/selenium/webdriver/remote/bridge.rb:633:in 'Selenium::WebDriver::Remote::Bridge#execute'
            # /usr/local/bundle/gems/selenium-webdriver-4.40.0/lib/selenium/webdriver/remote/bridge.rb:348:in 'Selenium::WebDriver::Remote::Bridge#delete_all_cookies'
            # /usr/local/bundle/gems/selenium-webdriver-4.40.0/lib/selenium/webdriver/common/manager.rb:92:in 'Selenium::WebDriver::Manager#delete_all_cookies'
            # /usr/local/bundle/gems/capybara-3.40.0/lib/capybara/selenium/driver.rb:345:in 'Capybara::Selenium::Driver#delete_all_cookies'
            # /usr/local/bundle/gems/capybara-3.40.0/lib/capybara/selenium/driver.rb:328:in 'Capybara::Selenium::Driver#clear_browser_state'
            # /usr/local/bundle/gems/capybara-3.40.0/lib/capybara/selenium/driver.rb:485:in 'Capybara::Selenium::Driver#reset_browser_state'
            # /usr/local/bundle/gems/capybara-3.40.0/lib/capybara/selenium/driver.rb:164:in 'Capybara::Selenium::Driver#reset!'
            # /usr/local/bundle/gems/capybara-3.40.0/lib/capybara/session.rb:132:in 'Capybara::Session#reset!'
            # /usr/local/bundle/gems/capybara-3.40.0/lib/capybara.rb:327:in 'block in Capybara.reset_sessions!'
            # /usr/local/bundle/gems/capybara-3.40.0/lib/capybara.rb:327:in 'Enumerable#reverse_each'
            # /usr/local/bundle/gems/capybara-3.40.0/lib/capybara.rb:327:in 'Capybara.reset_sessions!'
            # ------------------
            # --- Caused by: ---
            # Selenium::WebDriver::Error::WebDriverError:
            #   #0 0x555d54671ca7 <unknown>
#1 0x555d54348c9c <unknown>
#2 0x555d54333ba9 <unknown>
#3 0x555d543338a9 <unknown>
#4 0x555d5434b9aa <unknown>
#5 0x555d543cca18 <unknown>
#6 0x555d543afce7 <unknown>
#7 0x555d543826b1 <unknown>
#8 0x555d543834c6 <unknown>
#9 0x555d5463f55a <unknown>
#10 0x555d546428ea <unknown>
#11 0x555d54642393 <unknown>
#12 0x555d54642d79 <unknown>
#13 0x555d5462fb2f <unknown>
#14 0x555d54643134 <unknown>
#15 0x555d546185aa <unknown>
#16 0x555d54662459 <unknown>
#17 0x555d54662646 <unknown>
#18 0x555d54671193 <unknown>
#19 0x7f96286a8134 <unknown>


  20) Relationships フォロー機能 正常系 フォローされているユーザが表示される
      Got 0 failures and 2 other errors:

      20.1) Failure/Error: raise ex, cause: cause

            Selenium::WebDriver::Error::WebDriverError:
              disconnected: not connected to DevTools
                (failed to check if window was closed: disconnected: not connected to DevTools)
                (Session info: chrome-headless-shell=124.0.6367.78)
            # /usr/local/bundle/gems/selenium-webdriver-4.40.0/lib/selenium/webdriver/remote/response.rb:63:in 'Selenium::WebDriver::Remote::Response#add_cause'
            # /usr/local/bundle/gems/selenium-webdriver-4.40.0/lib/selenium/webdriver/remote/response.rb:41:in 'Selenium::WebDriver::Remote::Response#error'
            # /usr/local/bundle/gems/selenium-webdriver-4.40.0/lib/selenium/webdriver/remote/response.rb:52:in 'Selenium::WebDriver::Remote::Response#assert_ok'
            # /usr/local/bundle/gems/selenium-webdriver-4.40.0/lib/selenium/webdriver/remote/response.rb:34:in 'Selenium::WebDriver::Remote::Response#initialize'
            # /usr/local/bundle/gems/selenium-webdriver-4.40.0/lib/selenium/webdriver/remote/http/common.rb:135:in 'Class#new'
            # /usr/local/bundle/gems/selenium-webdriver-4.40.0/lib/selenium/webdriver/remote/http/common.rb:135:in 'Selenium::WebDriver::Remote::Http::Common#create_response'
            # /usr/local/bundle/gems/selenium-webdriver-4.40.0/lib/selenium/webdriver/remote/http/default.rb:103:in 'Selenium::WebDriver::Remote::Http::Default#request'
            # /usr/local/bundle/gems/selenium-webdriver-4.40.0/lib/selenium/webdriver/remote/http/common.rb:70:in 'Selenium::WebDriver::Remote::Http::Common#call'
            # /usr/local/bundle/gems/selenium-webdriver-4.40.0/lib/selenium/webdriver/remote/bridge.rb:633:in 'Selenium::WebDriver::Remote::Bridge#execute'
            # /usr/local/bundle/gems/selenium-webdriver-4.40.0/lib/selenium/webdriver/remote/bridge.rb:348:in 'Selenium::WebDriver::Remote::Bridge#delete_all_cookies'
            # /usr/local/bundle/gems/selenium-webdriver-4.40.0/lib/selenium/webdriver/common/manager.rb:92:in 'Selenium::WebDriver::Manager#delete_all_cookies'
            # /usr/local/bundle/gems/capybara-3.40.0/lib/capybara/selenium/driver.rb:345:in 'Capybara::Selenium::Driver#delete_all_cookies'
            # /usr/local/bundle/gems/capybara-3.40.0/lib/capybara/selenium/driver.rb:328:in 'Capybara::Selenium::Driver#clear_browser_state'
            # /usr/local/bundle/gems/capybara-3.40.0/lib/capybara/selenium/driver.rb:485:in 'Capybara::Selenium::Driver#reset_browser_state'
            # /usr/local/bundle/gems/capybara-3.40.0/lib/capybara/selenium/driver.rb:164:in 'Capybara::Selenium::Driver#reset!'
            # /usr/local/bundle/gems/capybara-3.40.0/lib/capybara/session.rb:132:in 'Capybara::Session#reset!'
            # /usr/local/bundle/gems/capybara-3.40.0/lib/capybara.rb:327:in 'block in Capybara.reset_sessions!'
            # /usr/local/bundle/gems/capybara-3.40.0/lib/capybara.rb:327:in 'Enumerable#reverse_each'
            # /usr/local/bundle/gems/capybara-3.40.0/lib/capybara.rb:327:in 'Capybara.reset_sessions!'
            # /usr/local/bundle/gems/capybara-3.40.0/lib/capybara/rspec.rb:20:in 'block (2 levels) in <top (required)>'
            # ------------------
            # --- Caused by: ---
            # Selenium::WebDriver::Error::WebDriverError:
            #   #0 0x555d54671ca7 <unknown>
#1 0x555d54348c9c <unknown>
#2 0x555d54333ba9 <unknown>
#3 0x555d543338a9 <unknown>
#4 0x555d5434b9aa <unknown>
#5 0x555d543cca18 <unknown>
#6 0x555d543afce7 <unknown>
#7 0x555d543826b1 <unknown>
#8 0x555d543834c6 <unknown>
#9 0x555d5463f55a <unknown>
#10 0x555d546428ea <unknown>
#11 0x555d54642393 <unknown>
#12 0x555d54642d79 <unknown>
#13 0x555d5462fb2f <unknown>
#14 0x555d54643134 <unknown>
#15 0x555d546185aa <unknown>
#16 0x555d54662459 <unknown>
#17 0x555d54662646 <unknown>
#18 0x555d54671193 <unknown>
#19 0x7f96286a8134 <unknown>


      20.2) Failure/Error: raise ex, cause: cause

            Selenium::WebDriver::Error::WebDriverError:
              disconnected: not connected to DevTools
                (failed to check if window was closed: disconnected: not connected to DevTools)
                (Session info: chrome-headless-shell=124.0.6367.78)
            # /usr/local/bundle/gems/selenium-webdriver-4.40.0/lib/selenium/webdriver/remote/response.rb:63:in 'Selenium::WebDriver::Remote::Response#add_cause'
            # /usr/local/bundle/gems/selenium-webdriver-4.40.0/lib/selenium/webdriver/remote/response.rb:41:in 'Selenium::WebDriver::Remote::Response#error'
            # /usr/local/bundle/gems/selenium-webdriver-4.40.0/lib/selenium/webdriver/remote/response.rb:52:in 'Selenium::WebDriver::Remote::Response#assert_ok'
            # /usr/local/bundle/gems/selenium-webdriver-4.40.0/lib/selenium/webdriver/remote/response.rb:34:in 'Selenium::WebDriver::Remote::Response#initialize'
            # /usr/local/bundle/gems/selenium-webdriver-4.40.0/lib/selenium/webdriver/remote/http/common.rb:135:in 'Class#new'
            # /usr/local/bundle/gems/selenium-webdriver-4.40.0/lib/selenium/webdriver/remote/http/common.rb:135:in 'Selenium::WebDriver::Remote::Http::Common#create_response'
            # /usr/local/bundle/gems/selenium-webdriver-4.40.0/lib/selenium/webdriver/remote/http/default.rb:103:in 'Selenium::WebDriver::Remote::Http::Default#request'
            # /usr/local/bundle/gems/selenium-webdriver-4.40.0/lib/selenium/webdriver/remote/http/common.rb:70:in 'Selenium::WebDriver::Remote::Http::Common#call'
            # /usr/local/bundle/gems/selenium-webdriver-4.40.0/lib/selenium/webdriver/remote/bridge.rb:633:in 'Selenium::WebDriver::Remote::Bridge#execute'
            # /usr/local/bundle/gems/selenium-webdriver-4.40.0/lib/selenium/webdriver/remote/bridge.rb:348:in 'Selenium::WebDriver::Remote::Bridge#delete_all_cookies'
            # /usr/local/bundle/gems/selenium-webdriver-4.40.0/lib/selenium/webdriver/common/manager.rb:92:in 'Selenium::WebDriver::Manager#delete_all_cookies'
            # /usr/local/bundle/gems/capybara-3.40.0/lib/capybara/selenium/driver.rb:345:in 'Capybara::Selenium::Driver#delete_all_cookies'
            # /usr/local/bundle/gems/capybara-3.40.0/lib/capybara/selenium/driver.rb:328:in 'Capybara::Selenium::Driver#clear_browser_state'
            # /usr/local/bundle/gems/capybara-3.40.0/lib/capybara/selenium/driver.rb:485:in 'Capybara::Selenium::Driver#reset_browser_state'
            # /usr/local/bundle/gems/capybara-3.40.0/lib/capybara/selenium/driver.rb:164:in 'Capybara::Selenium::Driver#reset!'
            # /usr/local/bundle/gems/capybara-3.40.0/lib/capybara/session.rb:132:in 'Capybara::Session#reset!'
            # /usr/local/bundle/gems/capybara-3.40.0/lib/capybara.rb:327:in 'block in Capybara.reset_sessions!'
            # /usr/local/bundle/gems/capybara-3.40.0/lib/capybara.rb:327:in 'Enumerable#reverse_each'
            # /usr/local/bundle/gems/capybara-3.40.0/lib/capybara.rb:327:in 'Capybara.reset_sessions!'
            # ------------------
            # --- Caused by: ---
            # Selenium::WebDriver::Error::WebDriverError:
            #   #0 0x555d54671ca7 <unknown>
#1 0x555d54348c9c <unknown>
#2 0x555d54333ba9 <unknown>
#3 0x555d543338a9 <unknown>
#4 0x555d5434b9aa <unknown>
#5 0x555d543cca18 <unknown>
#6 0x555d543afce7 <unknown>
#7 0x555d543826b1 <unknown>
#8 0x555d543834c6 <unknown>
#9 0x555d5463f55a <unknown>
#10 0x555d546428ea <unknown>
#11 0x555d54642393 <unknown>
#12 0x555d54642d79 <unknown>
#13 0x555d5462fb2f <unknown>
#14 0x555d54643134 <unknown>
#15 0x555d546185aa <unknown>
#16 0x555d54662459 <unknown>
#17 0x555d54662646 <unknown>
#18 0x555d54671193 <unknown>
#19 0x7f96286a8134 <unknown>


  21) UserSessions ログイン 正常系 ログインができる
      Got 0 failures and 2 other errors:

      21.1) Failure/Error: raise ex, cause: cause

            Selenium::WebDriver::Error::WebDriverError:
              disconnected: not connected to DevTools
                (failed to check if window was closed: disconnected: not connected to DevTools)
                (Session info: chrome-headless-shell=124.0.6367.78)
            # /usr/local/bundle/gems/selenium-webdriver-4.40.0/lib/selenium/webdriver/remote/response.rb:63:in 'Selenium::WebDriver::Remote::Response#add_cause'
            # /usr/local/bundle/gems/selenium-webdriver-4.40.0/lib/selenium/webdriver/remote/response.rb:41:in 'Selenium::WebDriver::Remote::Response#error'
            # /usr/local/bundle/gems/selenium-webdriver-4.40.0/lib/selenium/webdriver/remote/response.rb:52:in 'Selenium::WebDriver::Remote::Response#assert_ok'
            # /usr/local/bundle/gems/selenium-webdriver-4.40.0/lib/selenium/webdriver/remote/response.rb:34:in 'Selenium::WebDriver::Remote::Response#initialize'
            # /usr/local/bundle/gems/selenium-webdriver-4.40.0/lib/selenium/webdriver/remote/http/common.rb:135:in 'Class#new'
            # /usr/local/bundle/gems/selenium-webdriver-4.40.0/lib/selenium/webdriver/remote/http/common.rb:135:in 'Selenium::WebDriver::Remote::Http::Common#create_response'
            # /usr/local/bundle/gems/selenium-webdriver-4.40.0/lib/selenium/webdriver/remote/http/default.rb:103:in 'Selenium::WebDriver::Remote::Http::Default#request'
            # /usr/local/bundle/gems/selenium-webdriver-4.40.0/lib/selenium/webdriver/remote/http/common.rb:70:in 'Selenium::WebDriver::Remote::Http::Common#call'
            # /usr/local/bundle/gems/selenium-webdriver-4.40.0/lib/selenium/webdriver/remote/bridge.rb:633:in 'Selenium::WebDriver::Remote::Bridge#execute'
            # /usr/local/bundle/gems/selenium-webdriver-4.40.0/lib/selenium/webdriver/remote/bridge.rb:348:in 'Selenium::WebDriver::Remote::Bridge#delete_all_cookies'
            # /usr/local/bundle/gems/selenium-webdriver-4.40.0/lib/selenium/webdriver/common/manager.rb:92:in 'Selenium::WebDriver::Manager#delete_all_cookies'
            # /usr/local/bundle/gems/capybara-3.40.0/lib/capybara/selenium/driver.rb:345:in 'Capybara::Selenium::Driver#delete_all_cookies'
            # /usr/local/bundle/gems/capybara-3.40.0/lib/capybara/selenium/driver.rb:328:in 'Capybara::Selenium::Driver#clear_browser_state'
            # /usr/local/bundle/gems/capybara-3.40.0/lib/capybara/selenium/driver.rb:485:in 'Capybara::Selenium::Driver#reset_browser_state'
            # /usr/local/bundle/gems/capybara-3.40.0/lib/capybara/selenium/driver.rb:164:in 'Capybara::Selenium::Driver#reset!'
            # /usr/local/bundle/gems/capybara-3.40.0/lib/capybara/session.rb:132:in 'Capybara::Session#reset!'
            # /usr/local/bundle/gems/capybara-3.40.0/lib/capybara.rb:327:in 'block in Capybara.reset_sessions!'
            # /usr/local/bundle/gems/capybara-3.40.0/lib/capybara.rb:327:in 'Enumerable#reverse_each'
            # /usr/local/bundle/gems/capybara-3.40.0/lib/capybara.rb:327:in 'Capybara.reset_sessions!'
            # /usr/local/bundle/gems/capybara-3.40.0/lib/capybara/rspec.rb:20:in 'block (2 levels) in <top (required)>'
            # ------------------
            # --- Caused by: ---
            # Selenium::WebDriver::Error::WebDriverError:
            #   #0 0x555d54671ca7 <unknown>
#1 0x555d54348c9c <unknown>
#2 0x555d54333ba9 <unknown>
#3 0x555d543338a9 <unknown>
#4 0x555d5434b9aa <unknown>
#5 0x555d543cca18 <unknown>
#6 0x555d543afce7 <unknown>
#7 0x555d543826b1 <unknown>
#8 0x555d543834c6 <unknown>
#9 0x555d5463f55a <unknown>
#10 0x555d546428ea <unknown>
#11 0x555d54642393 <unknown>
#12 0x555d54642d79 <unknown>
#13 0x555d5462fb2f <unknown>
#14 0x555d54643134 <unknown>
#15 0x555d546185aa <unknown>
#16 0x555d54662459 <unknown>
#17 0x555d54662646 <unknown>
#18 0x555d54671193 <unknown>
#19 0x7f96286a8134 <unknown>


      21.2) Failure/Error: raise ex, cause: cause

            Selenium::WebDriver::Error::WebDriverError:
              disconnected: not connected to DevTools
                (failed to check if window was closed: disconnected: not connected to DevTools)
                (Session info: chrome-headless-shell=124.0.6367.78)
            # /usr/local/bundle/gems/selenium-webdriver-4.40.0/lib/selenium/webdriver/remote/response.rb:63:in 'Selenium::WebDriver::Remote::Response#add_cause'
            # /usr/local/bundle/gems/selenium-webdriver-4.40.0/lib/selenium/webdriver/remote/response.rb:41:in 'Selenium::WebDriver::Remote::Response#error'
            # /usr/local/bundle/gems/selenium-webdriver-4.40.0/lib/selenium/webdriver/remote/response.rb:52:in 'Selenium::WebDriver::Remote::Response#assert_ok'
            # /usr/local/bundle/gems/selenium-webdriver-4.40.0/lib/selenium/webdriver/remote/response.rb:34:in 'Selenium::WebDriver::Remote::Response#initialize'
            # /usr/local/bundle/gems/selenium-webdriver-4.40.0/lib/selenium/webdriver/remote/http/common.rb:135:in 'Class#new'
            # /usr/local/bundle/gems/selenium-webdriver-4.40.0/lib/selenium/webdriver/remote/http/common.rb:135:in 'Selenium::WebDriver::Remote::Http::Common#create_response'
            # /usr/local/bundle/gems/selenium-webdriver-4.40.0/lib/selenium/webdriver/remote/http/default.rb:103:in 'Selenium::WebDriver::Remote::Http::Default#request'
            # /usr/local/bundle/gems/selenium-webdriver-4.40.0/lib/selenium/webdriver/remote/http/common.rb:70:in 'Selenium::WebDriver::Remote::Http::Common#call'
            # /usr/local/bundle/gems/selenium-webdriver-4.40.0/lib/selenium/webdriver/remote/bridge.rb:633:in 'Selenium::WebDriver::Remote::Bridge#execute'
            # /usr/local/bundle/gems/selenium-webdriver-4.40.0/lib/selenium/webdriver/remote/bridge.rb:348:in 'Selenium::WebDriver::Remote::Bridge#delete_all_cookies'
            # /usr/local/bundle/gems/selenium-webdriver-4.40.0/lib/selenium/webdriver/common/manager.rb:92:in 'Selenium::WebDriver::Manager#delete_all_cookies'
            # /usr/local/bundle/gems/capybara-3.40.0/lib/capybara/selenium/driver.rb:345:in 'Capybara::Selenium::Driver#delete_all_cookies'
            # /usr/local/bundle/gems/capybara-3.40.0/lib/capybara/selenium/driver.rb:328:in 'Capybara::Selenium::Driver#clear_browser_state'
            # /usr/local/bundle/gems/capybara-3.40.0/lib/capybara/selenium/driver.rb:485:in 'Capybara::Selenium::Driver#reset_browser_state'
            # /usr/local/bundle/gems/capybara-3.40.0/lib/capybara/selenium/driver.rb:164:in 'Capybara::Selenium::Driver#reset!'
            # /usr/local/bundle/gems/capybara-3.40.0/lib/capybara/session.rb:132:in 'Capybara::Session#reset!'
            # /usr/local/bundle/gems/capybara-3.40.0/lib/capybara.rb:327:in 'block in Capybara.reset_sessions!'
            # /usr/local/bundle/gems/capybara-3.40.0/lib/capybara.rb:327:in 'Enumerable#reverse_each'
            # /usr/local/bundle/gems/capybara-3.40.0/lib/capybara.rb:327:in 'Capybara.reset_sessions!'
            # ------------------
            # --- Caused by: ---
            # Selenium::WebDriver::Error::WebDriverError:
            #   #0 0x555d54671ca7 <unknown>
#1 0x555d54348c9c <unknown>
#2 0x555d54333ba9 <unknown>
#3 0x555d543338a9 <unknown>
#4 0x555d5434b9aa <unknown>
#5 0x555d543cca18 <unknown>
#6 0x555d543afce7 <unknown>
#7 0x555d543826b1 <unknown>
#8 0x555d543834c6 <unknown>
#9 0x555d5463f55a <unknown>
#10 0x555d546428ea <unknown>
#11 0x555d54642393 <unknown>
#12 0x555d54642d79 <unknown>
#13 0x555d5462fb2f <unknown>
#14 0x555d54643134 <unknown>
#15 0x555d546185aa <unknown>
#16 0x555d54662459 <unknown>
#17 0x555d54662646 <unknown>
#18 0x555d54671193 <unknown>
#19 0x7f96286a8134 <unknown>


  22) UserSessions ログイン 異常系 入力が不足している場合、ログインできない
      Got 0 failures and 2 other errors:

      22.1) Failure/Error: raise ex, cause: cause

            Selenium::WebDriver::Error::WebDriverError:
              disconnected: not connected to DevTools
                (failed to check if window was closed: disconnected: not connected to DevTools)
                (Session info: chrome-headless-shell=124.0.6367.78)
            # /usr/local/bundle/gems/selenium-webdriver-4.40.0/lib/selenium/webdriver/remote/response.rb:63:in 'Selenium::WebDriver::Remote::Response#add_cause'
            # /usr/local/bundle/gems/selenium-webdriver-4.40.0/lib/selenium/webdriver/remote/response.rb:41:in 'Selenium::WebDriver::Remote::Response#error'
            # /usr/local/bundle/gems/selenium-webdriver-4.40.0/lib/selenium/webdriver/remote/response.rb:52:in 'Selenium::WebDriver::Remote::Response#assert_ok'
            # /usr/local/bundle/gems/selenium-webdriver-4.40.0/lib/selenium/webdriver/remote/response.rb:34:in 'Selenium::WebDriver::Remote::Response#initialize'
            # /usr/local/bundle/gems/selenium-webdriver-4.40.0/lib/selenium/webdriver/remote/http/common.rb:135:in 'Class#new'
            # /usr/local/bundle/gems/selenium-webdriver-4.40.0/lib/selenium/webdriver/remote/http/common.rb:135:in 'Selenium::WebDriver::Remote::Http::Common#create_response'
            # /usr/local/bundle/gems/selenium-webdriver-4.40.0/lib/selenium/webdriver/remote/http/default.rb:103:in 'Selenium::WebDriver::Remote::Http::Default#request'
            # /usr/local/bundle/gems/selenium-webdriver-4.40.0/lib/selenium/webdriver/remote/http/common.rb:70:in 'Selenium::WebDriver::Remote::Http::Common#call'
            # /usr/local/bundle/gems/selenium-webdriver-4.40.0/lib/selenium/webdriver/remote/bridge.rb:633:in 'Selenium::WebDriver::Remote::Bridge#execute'
            # /usr/local/bundle/gems/selenium-webdriver-4.40.0/lib/selenium/webdriver/remote/bridge.rb:348:in 'Selenium::WebDriver::Remote::Bridge#delete_all_cookies'
            # /usr/local/bundle/gems/selenium-webdriver-4.40.0/lib/selenium/webdriver/common/manager.rb:92:in 'Selenium::WebDriver::Manager#delete_all_cookies'
            # /usr/local/bundle/gems/capybara-3.40.0/lib/capybara/selenium/driver.rb:345:in 'Capybara::Selenium::Driver#delete_all_cookies'
            # /usr/local/bundle/gems/capybara-3.40.0/lib/capybara/selenium/driver.rb:328:in 'Capybara::Selenium::Driver#clear_browser_state'
            # /usr/local/bundle/gems/capybara-3.40.0/lib/capybara/selenium/driver.rb:485:in 'Capybara::Selenium::Driver#reset_browser_state'
            # /usr/local/bundle/gems/capybara-3.40.0/lib/capybara/selenium/driver.rb:164:in 'Capybara::Selenium::Driver#reset!'
            # /usr/local/bundle/gems/capybara-3.40.0/lib/capybara/session.rb:132:in 'Capybara::Session#reset!'
            # /usr/local/bundle/gems/capybara-3.40.0/lib/capybara.rb:327:in 'block in Capybara.reset_sessions!'
            # /usr/local/bundle/gems/capybara-3.40.0/lib/capybara.rb:327:in 'Enumerable#reverse_each'
            # /usr/local/bundle/gems/capybara-3.40.0/lib/capybara.rb:327:in 'Capybara.reset_sessions!'
            # /usr/local/bundle/gems/capybara-3.40.0/lib/capybara/rspec.rb:20:in 'block (2 levels) in <top (required)>'
            # ------------------
            # --- Caused by: ---
            # Selenium::WebDriver::Error::WebDriverError:
            #   #0 0x555d54671ca7 <unknown>
#1 0x555d54348c9c <unknown>
#2 0x555d54333ba9 <unknown>
#3 0x555d543338a9 <unknown>
#4 0x555d5434b9aa <unknown>
#5 0x555d543cca18 <unknown>
#6 0x555d543afce7 <unknown>
#7 0x555d543826b1 <unknown>
#8 0x555d543834c6 <unknown>
#9 0x555d5463f55a <unknown>
#10 0x555d546428ea <unknown>
#11 0x555d54642393 <unknown>
#12 0x555d54642d79 <unknown>
#13 0x555d5462fb2f <unknown>
#14 0x555d54643134 <unknown>
#15 0x555d546185aa <unknown>
#16 0x555d54662459 <unknown>
#17 0x555d54662646 <unknown>
#18 0x555d54671193 <unknown>
#19 0x7f96286a8134 <unknown>


      22.2) Failure/Error: raise ex, cause: cause

            Selenium::WebDriver::Error::WebDriverError:
              disconnected: not connected to DevTools
                (failed to check if window was closed: disconnected: not connected to DevTools)
                (Session info: chrome-headless-shell=124.0.6367.78)
            # /usr/local/bundle/gems/selenium-webdriver-4.40.0/lib/selenium/webdriver/remote/response.rb:63:in 'Selenium::WebDriver::Remote::Response#add_cause'
            # /usr/local/bundle/gems/selenium-webdriver-4.40.0/lib/selenium/webdriver/remote/response.rb:41:in 'Selenium::WebDriver::Remote::Response#error'
            # /usr/local/bundle/gems/selenium-webdriver-4.40.0/lib/selenium/webdriver/remote/response.rb:52:in 'Selenium::WebDriver::Remote::Response#assert_ok'
            # /usr/local/bundle/gems/selenium-webdriver-4.40.0/lib/selenium/webdriver/remote/response.rb:34:in 'Selenium::WebDriver::Remote::Response#initialize'
            # /usr/local/bundle/gems/selenium-webdriver-4.40.0/lib/selenium/webdriver/remote/http/common.rb:135:in 'Class#new'
            # /usr/local/bundle/gems/selenium-webdriver-4.40.0/lib/selenium/webdriver/remote/http/common.rb:135:in 'Selenium::WebDriver::Remote::Http::Common#create_response'
            # /usr/local/bundle/gems/selenium-webdriver-4.40.0/lib/selenium/webdriver/remote/http/default.rb:103:in 'Selenium::WebDriver::Remote::Http::Default#request'
            # /usr/local/bundle/gems/selenium-webdriver-4.40.0/lib/selenium/webdriver/remote/http/common.rb:70:in 'Selenium::WebDriver::Remote::Http::Common#call'
            # /usr/local/bundle/gems/selenium-webdriver-4.40.0/lib/selenium/webdriver/remote/bridge.rb:633:in 'Selenium::WebDriver::Remote::Bridge#execute'
            # /usr/local/bundle/gems/selenium-webdriver-4.40.0/lib/selenium/webdriver/remote/bridge.rb:348:in 'Selenium::WebDriver::Remote::Bridge#delete_all_cookies'
            # /usr/local/bundle/gems/selenium-webdriver-4.40.0/lib/selenium/webdriver/common/manager.rb:92:in 'Selenium::WebDriver::Manager#delete_all_cookies'
            # /usr/local/bundle/gems/capybara-3.40.0/lib/capybara/selenium/driver.rb:345:in 'Capybara::Selenium::Driver#delete_all_cookies'
            # /usr/local/bundle/gems/capybara-3.40.0/lib/capybara/selenium/driver.rb:328:in 'Capybara::Selenium::Driver#clear_browser_state'
            # /usr/local/bundle/gems/capybara-3.40.0/lib/capybara/selenium/driver.rb:485:in 'Capybara::Selenium::Driver#reset_browser_state'
            # /usr/local/bundle/gems/capybara-3.40.0/lib/capybara/selenium/driver.rb:164:in 'Capybara::Selenium::Driver#reset!'
            # /usr/local/bundle/gems/capybara-3.40.0/lib/capybara/session.rb:132:in 'Capybara::Session#reset!'
            # /usr/local/bundle/gems/capybara-3.40.0/lib/capybara.rb:327:in 'block in Capybara.reset_sessions!'
            # /usr/local/bundle/gems/capybara-3.40.0/lib/capybara.rb:327:in 'Enumerable#reverse_each'
            # /usr/local/bundle/gems/capybara-3.40.0/lib/capybara.rb:327:in 'Capybara.reset_sessions!'
            # ------------------
            # --- Caused by: ---
            # Selenium::WebDriver::Error::WebDriverError:
            #   #0 0x555d54671ca7 <unknown>
#1 0x555d54348c9c <unknown>
#2 0x555d54333ba9 <unknown>
#3 0x555d543338a9 <unknown>
#4 0x555d5434b9aa <unknown>
#5 0x555d543cca18 <unknown>
#6 0x555d543afce7 <unknown>
#7 0x555d543826b1 <unknown>
#8 0x555d543834c6 <unknown>
#9 0x555d5463f55a <unknown>
#10 0x555d546428ea <unknown>
#11 0x555d54642393 <unknown>
#12 0x555d54642d79 <unknown>
#13 0x555d5462fb2f <unknown>
#14 0x555d54643134 <unknown>
#15 0x555d546185aa <unknown>
#16 0x555d54662459 <unknown>
#17 0x555d54662646 <unknown>
#18 0x555d54671193 <unknown>
#19 0x7f96286a8134 <unknown>


  23) UserSessions ログアウト 正常系 ログアウトができる
      Got 0 failures and 2 other errors:

      23.1) Failure/Error: raise ex, cause: cause

            Selenium::WebDriver::Error::WebDriverError:
              disconnected: not connected to DevTools
                (failed to check if window was closed: disconnected: not connected to DevTools)
                (Session info: chrome-headless-shell=124.0.6367.78)
            # /usr/local/bundle/gems/selenium-webdriver-4.40.0/lib/selenium/webdriver/remote/response.rb:63:in 'Selenium::WebDriver::Remote::Response#add_cause'
            # /usr/local/bundle/gems/selenium-webdriver-4.40.0/lib/selenium/webdriver/remote/response.rb:41:in 'Selenium::WebDriver::Remote::Response#error'
            # /usr/local/bundle/gems/selenium-webdriver-4.40.0/lib/selenium/webdriver/remote/response.rb:52:in 'Selenium::WebDriver::Remote::Response#assert_ok'
            # /usr/local/bundle/gems/selenium-webdriver-4.40.0/lib/selenium/webdriver/remote/response.rb:34:in 'Selenium::WebDriver::Remote::Response#initialize'
            # /usr/local/bundle/gems/selenium-webdriver-4.40.0/lib/selenium/webdriver/remote/http/common.rb:135:in 'Class#new'
            # /usr/local/bundle/gems/selenium-webdriver-4.40.0/lib/selenium/webdriver/remote/http/common.rb:135:in 'Selenium::WebDriver::Remote::Http::Common#create_response'
            # /usr/local/bundle/gems/selenium-webdriver-4.40.0/lib/selenium/webdriver/remote/http/default.rb:103:in 'Selenium::WebDriver::Remote::Http::Default#request'
            # /usr/local/bundle/gems/selenium-webdriver-4.40.0/lib/selenium/webdriver/remote/http/common.rb:70:in 'Selenium::WebDriver::Remote::Http::Common#call'
            # /usr/local/bundle/gems/selenium-webdriver-4.40.0/lib/selenium/webdriver/remote/bridge.rb:633:in 'Selenium::WebDriver::Remote::Bridge#execute'
            # /usr/local/bundle/gems/selenium-webdriver-4.40.0/lib/selenium/webdriver/remote/bridge.rb:348:in 'Selenium::WebDriver::Remote::Bridge#delete_all_cookies'
            # /usr/local/bundle/gems/selenium-webdriver-4.40.0/lib/selenium/webdriver/common/manager.rb:92:in 'Selenium::WebDriver::Manager#delete_all_cookies'
            # /usr/local/bundle/gems/capybara-3.40.0/lib/capybara/selenium/driver.rb:345:in 'Capybara::Selenium::Driver#delete_all_cookies'
            # /usr/local/bundle/gems/capybara-3.40.0/lib/capybara/selenium/driver.rb:328:in 'Capybara::Selenium::Driver#clear_browser_state'
            # /usr/local/bundle/gems/capybara-3.40.0/lib/capybara/selenium/driver.rb:485:in 'Capybara::Selenium::Driver#reset_browser_state'
            # /usr/local/bundle/gems/capybara-3.40.0/lib/capybara/selenium/driver.rb:164:in 'Capybara::Selenium::Driver#reset!'
            # /usr/local/bundle/gems/capybara-3.40.0/lib/capybara/session.rb:132:in 'Capybara::Session#reset!'
            # /usr/local/bundle/gems/capybara-3.40.0/lib/capybara.rb:327:in 'block in Capybara.reset_sessions!'
            # /usr/local/bundle/gems/capybara-3.40.0/lib/capybara.rb:327:in 'Enumerable#reverse_each'
            # /usr/local/bundle/gems/capybara-3.40.0/lib/capybara.rb:327:in 'Capybara.reset_sessions!'
            # /usr/local/bundle/gems/capybara-3.40.0/lib/capybara/rspec.rb:20:in 'block (2 levels) in <top (required)>'
            # ------------------
            # --- Caused by: ---
            # Selenium::WebDriver::Error::WebDriverError:
            #   #0 0x555d54671ca7 <unknown>
#1 0x555d54348c9c <unknown>
#2 0x555d54333ba9 <unknown>
#3 0x555d543338a9 <unknown>
#4 0x555d5434b9aa <unknown>
#5 0x555d543cca18 <unknown>
#6 0x555d543afce7 <unknown>
#7 0x555d543826b1 <unknown>
#8 0x555d543834c6 <unknown>
#9 0x555d5463f55a <unknown>
#10 0x555d546428ea <unknown>
#11 0x555d54642393 <unknown>
#12 0x555d54642d79 <unknown>
#13 0x555d5462fb2f <unknown>
#14 0x555d54643134 <unknown>
#15 0x555d546185aa <unknown>
#16 0x555d54662459 <unknown>
#17 0x555d54662646 <unknown>
#18 0x555d54671193 <unknown>
#19 0x7f96286a8134 <unknown>


      23.2) Failure/Error: raise ex, cause: cause

            Selenium::WebDriver::Error::WebDriverError:
              disconnected: not connected to DevTools
                (failed to check if window was closed: disconnected: not connected to DevTools)
                (Session info: chrome-headless-shell=124.0.6367.78)
            # /usr/local/bundle/gems/selenium-webdriver-4.40.0/lib/selenium/webdriver/remote/response.rb:63:in 'Selenium::WebDriver::Remote::Response#add_cause'
            # /usr/local/bundle/gems/selenium-webdriver-4.40.0/lib/selenium/webdriver/remote/response.rb:41:in 'Selenium::WebDriver::Remote::Response#error'
            # /usr/local/bundle/gems/selenium-webdriver-4.40.0/lib/selenium/webdriver/remote/response.rb:52:in 'Selenium::WebDriver::Remote::Response#assert_ok'
            # /usr/local/bundle/gems/selenium-webdriver-4.40.0/lib/selenium/webdriver/remote/response.rb:34:in 'Selenium::WebDriver::Remote::Response#initialize'
            # /usr/local/bundle/gems/selenium-webdriver-4.40.0/lib/selenium/webdriver/remote/http/common.rb:135:in 'Class#new'
            # /usr/local/bundle/gems/selenium-webdriver-4.40.0/lib/selenium/webdriver/remote/http/common.rb:135:in 'Selenium::WebDriver::Remote::Http::Common#create_response'
            # /usr/local/bundle/gems/selenium-webdriver-4.40.0/lib/selenium/webdriver/remote/http/default.rb:103:in 'Selenium::WebDriver::Remote::Http::Default#request'
            # /usr/local/bundle/gems/selenium-webdriver-4.40.0/lib/selenium/webdriver/remote/http/common.rb:70:in 'Selenium::WebDriver::Remote::Http::Common#call'
            # /usr/local/bundle/gems/selenium-webdriver-4.40.0/lib/selenium/webdriver/remote/bridge.rb:633:in 'Selenium::WebDriver::Remote::Bridge#execute'
            # /usr/local/bundle/gems/selenium-webdriver-4.40.0/lib/selenium/webdriver/remote/bridge.rb:348:in 'Selenium::WebDriver::Remote::Bridge#delete_all_cookies'
            # /usr/local/bundle/gems/selenium-webdriver-4.40.0/lib/selenium/webdriver/common/manager.rb:92:in 'Selenium::WebDriver::Manager#delete_all_cookies'
            # /usr/local/bundle/gems/capybara-3.40.0/lib/capybara/selenium/driver.rb:345:in 'Capybara::Selenium::Driver#delete_all_cookies'
            # /usr/local/bundle/gems/capybara-3.40.0/lib/capybara/selenium/driver.rb:328:in 'Capybara::Selenium::Driver#clear_browser_state'
            # /usr/local/bundle/gems/capybara-3.40.0/lib/capybara/selenium/driver.rb:485:in 'Capybara::Selenium::Driver#reset_browser_state'
            # /usr/local/bundle/gems/capybara-3.40.0/lib/capybara/selenium/driver.rb:164:in 'Capybara::Selenium::Driver#reset!'
            # /usr/local/bundle/gems/capybara-3.40.0/lib/capybara/session.rb:132:in 'Capybara::Session#reset!'
            # /usr/local/bundle/gems/capybara-3.40.0/lib/capybara.rb:327:in 'block in Capybara.reset_sessions!'
            # /usr/local/bundle/gems/capybara-3.40.0/lib/capybara.rb:327:in 'Enumerable#reverse_each'
            # /usr/local/bundle/gems/capybara-3.40.0/lib/capybara.rb:327:in 'Capybara.reset_sessions!'
            # ------------------
            # --- Caused by: ---
            # Selenium::WebDriver::Error::WebDriverError:
            #   #0 0x555d54671ca7 <unknown>
#1 0x555d54348c9c <unknown>
#2 0x555d54333ba9 <unknown>
#3 0x555d543338a9 <unknown>
#4 0x555d5434b9aa <unknown>
#5 0x555d543cca18 <unknown>
#6 0x555d543afce7 <unknown>
#7 0x555d543826b1 <unknown>
#8 0x555d543834c6 <unknown>
#9 0x555d5463f55a <unknown>
#10 0x555d546428ea <unknown>
#11 0x555d54642393 <unknown>
#12 0x555d54642d79 <unknown>
#13 0x555d5462fb2f <unknown>
#14 0x555d54643134 <unknown>
#15 0x555d546185aa <unknown>
#16 0x555d54662459 <unknown>
#17 0x555d54662646 <unknown>
#18 0x555d54671193 <unknown>
#19 0x7f96286a8134 <unknown>


  24) Users ユーザー新規作成 正常系 ユーザーの新規作成ができる
      Got 0 failures and 2 other errors:

      24.1) Failure/Error: raise ex, cause: cause

            Selenium::WebDriver::Error::WebDriverError:
              disconnected: not connected to DevTools
                (failed to check if window was closed: disconnected: not connected to DevTools)
                (Session info: chrome-headless-shell=124.0.6367.78)
            # /usr/local/bundle/gems/selenium-webdriver-4.40.0/lib/selenium/webdriver/remote/response.rb:63:in 'Selenium::WebDriver::Remote::Response#add_cause'
            # /usr/local/bundle/gems/selenium-webdriver-4.40.0/lib/selenium/webdriver/remote/response.rb:41:in 'Selenium::WebDriver::Remote::Response#error'
            # /usr/local/bundle/gems/selenium-webdriver-4.40.0/lib/selenium/webdriver/remote/response.rb:52:in 'Selenium::WebDriver::Remote::Response#assert_ok'
            # /usr/local/bundle/gems/selenium-webdriver-4.40.0/lib/selenium/webdriver/remote/response.rb:34:in 'Selenium::WebDriver::Remote::Response#initialize'
            # /usr/local/bundle/gems/selenium-webdriver-4.40.0/lib/selenium/webdriver/remote/http/common.rb:135:in 'Class#new'
            # /usr/local/bundle/gems/selenium-webdriver-4.40.0/lib/selenium/webdriver/remote/http/common.rb:135:in 'Selenium::WebDriver::Remote::Http::Common#create_response'
            # /usr/local/bundle/gems/selenium-webdriver-4.40.0/lib/selenium/webdriver/remote/http/default.rb:103:in 'Selenium::WebDriver::Remote::Http::Default#request'
            # /usr/local/bundle/gems/selenium-webdriver-4.40.0/lib/selenium/webdriver/remote/http/common.rb:70:in 'Selenium::WebDriver::Remote::Http::Common#call'
            # /usr/local/bundle/gems/selenium-webdriver-4.40.0/lib/selenium/webdriver/remote/bridge.rb:633:in 'Selenium::WebDriver::Remote::Bridge#execute'
            # /usr/local/bundle/gems/selenium-webdriver-4.40.0/lib/selenium/webdriver/remote/bridge.rb:348:in 'Selenium::WebDriver::Remote::Bridge#delete_all_cookies'
            # /usr/local/bundle/gems/selenium-webdriver-4.40.0/lib/selenium/webdriver/common/manager.rb:92:in 'Selenium::WebDriver::Manager#delete_all_cookies'
            # /usr/local/bundle/gems/capybara-3.40.0/lib/capybara/selenium/driver.rb:345:in 'Capybara::Selenium::Driver#delete_all_cookies'
            # /usr/local/bundle/gems/capybara-3.40.0/lib/capybara/selenium/driver.rb:328:in 'Capybara::Selenium::Driver#clear_browser_state'
            # /usr/local/bundle/gems/capybara-3.40.0/lib/capybara/selenium/driver.rb:485:in 'Capybara::Selenium::Driver#reset_browser_state'
            # /usr/local/bundle/gems/capybara-3.40.0/lib/capybara/selenium/driver.rb:164:in 'Capybara::Selenium::Driver#reset!'
            # /usr/local/bundle/gems/capybara-3.40.0/lib/capybara/session.rb:132:in 'Capybara::Session#reset!'
            # /usr/local/bundle/gems/capybara-3.40.0/lib/capybara.rb:327:in 'block in Capybara.reset_sessions!'
            # /usr/local/bundle/gems/capybara-3.40.0/lib/capybara.rb:327:in 'Enumerable#reverse_each'
            # /usr/local/bundle/gems/capybara-3.40.0/lib/capybara.rb:327:in 'Capybara.reset_sessions!'
            # /usr/local/bundle/gems/capybara-3.40.0/lib/capybara/rspec.rb:20:in 'block (2 levels) in <top (required)>'
            # ------------------
            # --- Caused by: ---
            # Selenium::WebDriver::Error::WebDriverError:
            #   #0 0x555d54671ca7 <unknown>
#1 0x555d54348c9c <unknown>
#2 0x555d54333ba9 <unknown>
#3 0x555d543338a9 <unknown>
#4 0x555d5434b9aa <unknown>
#5 0x555d543cca18 <unknown>
#6 0x555d543afce7 <unknown>
#7 0x555d543826b1 <unknown>
#8 0x555d543834c6 <unknown>
#9 0x555d5463f55a <unknown>
#10 0x555d546428ea <unknown>
#11 0x555d54642393 <unknown>
#12 0x555d54642d79 <unknown>
#13 0x555d5462fb2f <unknown>
#14 0x555d54643134 <unknown>
#15 0x555d546185aa <unknown>
#16 0x555d54662459 <unknown>
#17 0x555d54662646 <unknown>
#18 0x555d54671193 <unknown>
#19 0x7f96286a8134 <unknown>


      24.2) Failure/Error: raise ex, cause: cause

            Selenium::WebDriver::Error::WebDriverError:
              disconnected: not connected to DevTools
                (failed to check if window was closed: disconnected: not connected to DevTools)
                (Session info: chrome-headless-shell=124.0.6367.78)
            # /usr/local/bundle/gems/selenium-webdriver-4.40.0/lib/selenium/webdriver/remote/response.rb:63:in 'Selenium::WebDriver::Remote::Response#add_cause'
            # /usr/local/bundle/gems/selenium-webdriver-4.40.0/lib/selenium/webdriver/remote/response.rb:41:in 'Selenium::WebDriver::Remote::Response#error'
            # /usr/local/bundle/gems/selenium-webdriver-4.40.0/lib/selenium/webdriver/remote/response.rb:52:in 'Selenium::WebDriver::Remote::Response#assert_ok'
            # /usr/local/bundle/gems/selenium-webdriver-4.40.0/lib/selenium/webdriver/remote/response.rb:34:in 'Selenium::WebDriver::Remote::Response#initialize'
            # /usr/local/bundle/gems/selenium-webdriver-4.40.0/lib/selenium/webdriver/remote/http/common.rb:135:in 'Class#new'
            # /usr/local/bundle/gems/selenium-webdriver-4.40.0/lib/selenium/webdriver/remote/http/common.rb:135:in 'Selenium::WebDriver::Remote::Http::Common#create_response'
            # /usr/local/bundle/gems/selenium-webdriver-4.40.0/lib/selenium/webdriver/remote/http/default.rb:103:in 'Selenium::WebDriver::Remote::Http::Default#request'
            # /usr/local/bundle/gems/selenium-webdriver-4.40.0/lib/selenium/webdriver/remote/http/common.rb:70:in 'Selenium::WebDriver::Remote::Http::Common#call'
            # /usr/local/bundle/gems/selenium-webdriver-4.40.0/lib/selenium/webdriver/remote/bridge.rb:633:in 'Selenium::WebDriver::Remote::Bridge#execute'
            # /usr/local/bundle/gems/selenium-webdriver-4.40.0/lib/selenium/webdriver/remote/bridge.rb:348:in 'Selenium::WebDriver::Remote::Bridge#delete_all_cookies'
            # /usr/local/bundle/gems/selenium-webdriver-4.40.0/lib/selenium/webdriver/common/manager.rb:92:in 'Selenium::WebDriver::Manager#delete_all_cookies'
            # /usr/local/bundle/gems/capybara-3.40.0/lib/capybara/selenium/driver.rb:345:in 'Capybara::Selenium::Driver#delete_all_cookies'
            # /usr/local/bundle/gems/capybara-3.40.0/lib/capybara/selenium/driver.rb:328:in 'Capybara::Selenium::Driver#clear_browser_state'
            # /usr/local/bundle/gems/capybara-3.40.0/lib/capybara/selenium/driver.rb:485:in 'Capybara::Selenium::Driver#reset_browser_state'
            # /usr/local/bundle/gems/capybara-3.40.0/lib/capybara/selenium/driver.rb:164:in 'Capybara::Selenium::Driver#reset!'
            # /usr/local/bundle/gems/capybara-3.40.0/lib/capybara/session.rb:132:in 'Capybara::Session#reset!'
            # /usr/local/bundle/gems/capybara-3.40.0/lib/capybara.rb:327:in 'block in Capybara.reset_sessions!'
            # /usr/local/bundle/gems/capybara-3.40.0/lib/capybara.rb:327:in 'Enumerable#reverse_each'
            # /usr/local/bundle/gems/capybara-3.40.0/lib/capybara.rb:327:in 'Capybara.reset_sessions!'
            # ------------------
            # --- Caused by: ---
            # Selenium::WebDriver::Error::WebDriverError:
            #   #0 0x555d54671ca7 <unknown>
#1 0x555d54348c9c <unknown>
#2 0x555d54333ba9 <unknown>
#3 0x555d543338a9 <unknown>
#4 0x555d5434b9aa <unknown>
#5 0x555d543cca18 <unknown>
#6 0x555d543afce7 <unknown>
#7 0x555d543826b1 <unknown>
#8 0x555d543834c6 <unknown>
#9 0x555d5463f55a <unknown>
#10 0x555d546428ea <unknown>
#11 0x555d54642393 <unknown>
#12 0x555d54642d79 <unknown>
#13 0x555d5462fb2f <unknown>
#14 0x555d54643134 <unknown>
#15 0x555d546185aa <unknown>
#16 0x555d54662459 <unknown>
#17 0x555d54662646 <unknown>
#18 0x555d54671193 <unknown>
#19 0x7f96286a8134 <unknown>


  25) Users ユーザー新規作成 異常系 メールアドレスが未入力な場合、ユーザーの新規作成ができない
      Got 0 failures and 2 other errors:

      25.1) Failure/Error: raise ex, cause: cause

            Selenium::WebDriver::Error::WebDriverError:
              disconnected: not connected to DevTools
                (failed to check if window was closed: disconnected: not connected to DevTools)
                (Session info: chrome-headless-shell=124.0.6367.78)
            # /usr/local/bundle/gems/selenium-webdriver-4.40.0/lib/selenium/webdriver/remote/response.rb:63:in 'Selenium::WebDriver::Remote::Response#add_cause'
            # /usr/local/bundle/gems/selenium-webdriver-4.40.0/lib/selenium/webdriver/remote/response.rb:41:in 'Selenium::WebDriver::Remote::Response#error'
            # /usr/local/bundle/gems/selenium-webdriver-4.40.0/lib/selenium/webdriver/remote/response.rb:52:in 'Selenium::WebDriver::Remote::Response#assert_ok'
            # /usr/local/bundle/gems/selenium-webdriver-4.40.0/lib/selenium/webdriver/remote/response.rb:34:in 'Selenium::WebDriver::Remote::Response#initialize'
            # /usr/local/bundle/gems/selenium-webdriver-4.40.0/lib/selenium/webdriver/remote/http/common.rb:135:in 'Class#new'
            # /usr/local/bundle/gems/selenium-webdriver-4.40.0/lib/selenium/webdriver/remote/http/common.rb:135:in 'Selenium::WebDriver::Remote::Http::Common#create_response'
            # /usr/local/bundle/gems/selenium-webdriver-4.40.0/lib/selenium/webdriver/remote/http/default.rb:103:in 'Selenium::WebDriver::Remote::Http::Default#request'
            # /usr/local/bundle/gems/selenium-webdriver-4.40.0/lib/selenium/webdriver/remote/http/common.rb:70:in 'Selenium::WebDriver::Remote::Http::Common#call'
            # /usr/local/bundle/gems/selenium-webdriver-4.40.0/lib/selenium/webdriver/remote/bridge.rb:633:in 'Selenium::WebDriver::Remote::Bridge#execute'
            # /usr/local/bundle/gems/selenium-webdriver-4.40.0/lib/selenium/webdriver/remote/bridge.rb:348:in 'Selenium::WebDriver::Remote::Bridge#delete_all_cookies'
            # /usr/local/bundle/gems/selenium-webdriver-4.40.0/lib/selenium/webdriver/common/manager.rb:92:in 'Selenium::WebDriver::Manager#delete_all_cookies'
            # /usr/local/bundle/gems/capybara-3.40.0/lib/capybara/selenium/driver.rb:345:in 'Capybara::Selenium::Driver#delete_all_cookies'
            # /usr/local/bundle/gems/capybara-3.40.0/lib/capybara/selenium/driver.rb:328:in 'Capybara::Selenium::Driver#clear_browser_state'
            # /usr/local/bundle/gems/capybara-3.40.0/lib/capybara/selenium/driver.rb:485:in 'Capybara::Selenium::Driver#reset_browser_state'
            # /usr/local/bundle/gems/capybara-3.40.0/lib/capybara/selenium/driver.rb:164:in 'Capybara::Selenium::Driver#reset!'
            # /usr/local/bundle/gems/capybara-3.40.0/lib/capybara/session.rb:132:in 'Capybara::Session#reset!'
            # /usr/local/bundle/gems/capybara-3.40.0/lib/capybara.rb:327:in 'block in Capybara.reset_sessions!'
            # /usr/local/bundle/gems/capybara-3.40.0/lib/capybara.rb:327:in 'Enumerable#reverse_each'
            # /usr/local/bundle/gems/capybara-3.40.0/lib/capybara.rb:327:in 'Capybara.reset_sessions!'
            # /usr/local/bundle/gems/capybara-3.40.0/lib/capybara/rspec.rb:20:in 'block (2 levels) in <top (required)>'
            # ------------------
            # --- Caused by: ---
            # Selenium::WebDriver::Error::WebDriverError:
            #   #0 0x555d54671ca7 <unknown>
#1 0x555d54348c9c <unknown>
#2 0x555d54333ba9 <unknown>
#3 0x555d543338a9 <unknown>
#4 0x555d5434b9aa <unknown>
#5 0x555d543cca18 <unknown>
#6 0x555d543afce7 <unknown>
#7 0x555d543826b1 <unknown>
#8 0x555d543834c6 <unknown>
#9 0x555d5463f55a <unknown>
#10 0x555d546428ea <unknown>
#11 0x555d54642393 <unknown>
#12 0x555d54642d79 <unknown>
#13 0x555d5462fb2f <unknown>
#14 0x555d54643134 <unknown>
#15 0x555d546185aa <unknown>
#16 0x555d54662459 <unknown>
#17 0x555d54662646 <unknown>
#18 0x555d54671193 <unknown>
#19 0x7f96286a8134 <unknown>


      25.2) Failure/Error: raise ex, cause: cause

            Selenium::WebDriver::Error::WebDriverError:
              disconnected: not connected to DevTools
                (failed to check if window was closed: disconnected: not connected to DevTools)
                (Session info: chrome-headless-shell=124.0.6367.78)
            # /usr/local/bundle/gems/selenium-webdriver-4.40.0/lib/selenium/webdriver/remote/response.rb:63:in 'Selenium::WebDriver::Remote::Response#add_cause'
            # /usr/local/bundle/gems/selenium-webdriver-4.40.0/lib/selenium/webdriver/remote/response.rb:41:in 'Selenium::WebDriver::Remote::Response#error'
            # /usr/local/bundle/gems/selenium-webdriver-4.40.0/lib/selenium/webdriver/remote/response.rb:52:in 'Selenium::WebDriver::Remote::Response#assert_ok'
            # /usr/local/bundle/gems/selenium-webdriver-4.40.0/lib/selenium/webdriver/remote/response.rb:34:in 'Selenium::WebDriver::Remote::Response#initialize'
            # /usr/local/bundle/gems/selenium-webdriver-4.40.0/lib/selenium/webdriver/remote/http/common.rb:135:in 'Class#new'
            # /usr/local/bundle/gems/selenium-webdriver-4.40.0/lib/selenium/webdriver/remote/http/common.rb:135:in 'Selenium::WebDriver::Remote::Http::Common#create_response'
            # /usr/local/bundle/gems/selenium-webdriver-4.40.0/lib/selenium/webdriver/remote/http/default.rb:103:in 'Selenium::WebDriver::Remote::Http::Default#request'
            # /usr/local/bundle/gems/selenium-webdriver-4.40.0/lib/selenium/webdriver/remote/http/common.rb:70:in 'Selenium::WebDriver::Remote::Http::Common#call'
            # /usr/local/bundle/gems/selenium-webdriver-4.40.0/lib/selenium/webdriver/remote/bridge.rb:633:in 'Selenium::WebDriver::Remote::Bridge#execute'
            # /usr/local/bundle/gems/selenium-webdriver-4.40.0/lib/selenium/webdriver/remote/bridge.rb:348:in 'Selenium::WebDriver::Remote::Bridge#delete_all_cookies'
            # /usr/local/bundle/gems/selenium-webdriver-4.40.0/lib/selenium/webdriver/common/manager.rb:92:in 'Selenium::WebDriver::Manager#delete_all_cookies'
            # /usr/local/bundle/gems/capybara-3.40.0/lib/capybara/selenium/driver.rb:345:in 'Capybara::Selenium::Driver#delete_all_cookies'
            # /usr/local/bundle/gems/capybara-3.40.0/lib/capybara/selenium/driver.rb:328:in 'Capybara::Selenium::Driver#clear_browser_state'
            # /usr/local/bundle/gems/capybara-3.40.0/lib/capybara/selenium/driver.rb:485:in 'Capybara::Selenium::Driver#reset_browser_state'
            # /usr/local/bundle/gems/capybara-3.40.0/lib/capybara/selenium/driver.rb:164:in 'Capybara::Selenium::Driver#reset!'
            # /usr/local/bundle/gems/capybara-3.40.0/lib/capybara/session.rb:132:in 'Capybara::Session#reset!'
            # /usr/local/bundle/gems/capybara-3.40.0/lib/capybara.rb:327:in 'block in Capybara.reset_sessions!'
            # /usr/local/bundle/gems/capybara-3.40.0/lib/capybara.rb:327:in 'Enumerable#reverse_each'
            # /usr/local/bundle/gems/capybara-3.40.0/lib/capybara.rb:327:in 'Capybara.reset_sessions!'
            # ------------------
            # --- Caused by: ---
            # Selenium::WebDriver::Error::WebDriverError:
            #   #0 0x555d54671ca7 <unknown>
#1 0x555d54348c9c <unknown>
#2 0x555d54333ba9 <unknown>
#3 0x555d543338a9 <unknown>
#4 0x555d5434b9aa <unknown>
#5 0x555d543cca18 <unknown>
#6 0x555d543afce7 <unknown>
#7 0x555d543826b1 <unknown>
#8 0x555d543834c6 <unknown>
#9 0x555d5463f55a <unknown>
#10 0x555d546428ea <unknown>
#11 0x555d54642393 <unknown>
#12 0x555d54642d79 <unknown>
#13 0x555d5462fb2f <unknown>
#14 0x555d54643134 <unknown>
#15 0x555d546185aa <unknown>
#16 0x555d54662459 <unknown>
#17 0x555d54662646 <unknown>
#18 0x555d54671193 <unknown>
#19 0x7f96286a8134 <unknown>


  26) Users ユーザー新規作成 異常系 メールアドレスが登録済な場合、ユーザーの新規作成ができない
      Got 0 failures and 2 other errors:

      26.1) Failure/Error: raise ex, cause: cause

            Selenium::WebDriver::Error::WebDriverError:
              disconnected: not connected to DevTools
                (failed to check if window was closed: disconnected: not connected to DevTools)
                (Session info: chrome-headless-shell=124.0.6367.78)
            # /usr/local/bundle/gems/selenium-webdriver-4.40.0/lib/selenium/webdriver/remote/response.rb:63:in 'Selenium::WebDriver::Remote::Response#add_cause'
            # /usr/local/bundle/gems/selenium-webdriver-4.40.0/lib/selenium/webdriver/remote/response.rb:41:in 'Selenium::WebDriver::Remote::Response#error'
            # /usr/local/bundle/gems/selenium-webdriver-4.40.0/lib/selenium/webdriver/remote/response.rb:52:in 'Selenium::WebDriver::Remote::Response#assert_ok'
            # /usr/local/bundle/gems/selenium-webdriver-4.40.0/lib/selenium/webdriver/remote/response.rb:34:in 'Selenium::WebDriver::Remote::Response#initialize'
            # /usr/local/bundle/gems/selenium-webdriver-4.40.0/lib/selenium/webdriver/remote/http/common.rb:135:in 'Class#new'
            # /usr/local/bundle/gems/selenium-webdriver-4.40.0/lib/selenium/webdriver/remote/http/common.rb:135:in 'Selenium::WebDriver::Remote::Http::Common#create_response'
            # /usr/local/bundle/gems/selenium-webdriver-4.40.0/lib/selenium/webdriver/remote/http/default.rb:103:in 'Selenium::WebDriver::Remote::Http::Default#request'
            # /usr/local/bundle/gems/selenium-webdriver-4.40.0/lib/selenium/webdriver/remote/http/common.rb:70:in 'Selenium::WebDriver::Remote::Http::Common#call'
            # /usr/local/bundle/gems/selenium-webdriver-4.40.0/lib/selenium/webdriver/remote/bridge.rb:633:in 'Selenium::WebDriver::Remote::Bridge#execute'
            # /usr/local/bundle/gems/selenium-webdriver-4.40.0/lib/selenium/webdriver/remote/bridge.rb:348:in 'Selenium::WebDriver::Remote::Bridge#delete_all_cookies'
            # /usr/local/bundle/gems/selenium-webdriver-4.40.0/lib/selenium/webdriver/common/manager.rb:92:in 'Selenium::WebDriver::Manager#delete_all_cookies'
            # /usr/local/bundle/gems/capybara-3.40.0/lib/capybara/selenium/driver.rb:345:in 'Capybara::Selenium::Driver#delete_all_cookies'
            # /usr/local/bundle/gems/capybara-3.40.0/lib/capybara/selenium/driver.rb:328:in 'Capybara::Selenium::Driver#clear_browser_state'
            # /usr/local/bundle/gems/capybara-3.40.0/lib/capybara/selenium/driver.rb:485:in 'Capybara::Selenium::Driver#reset_browser_state'
            # /usr/local/bundle/gems/capybara-3.40.0/lib/capybara/selenium/driver.rb:164:in 'Capybara::Selenium::Driver#reset!'
            # /usr/local/bundle/gems/capybara-3.40.0/lib/capybara/session.rb:132:in 'Capybara::Session#reset!'
            # /usr/local/bundle/gems/capybara-3.40.0/lib/capybara.rb:327:in 'block in Capybara.reset_sessions!'
            # /usr/local/bundle/gems/capybara-3.40.0/lib/capybara.rb:327:in 'Enumerable#reverse_each'
            # /usr/local/bundle/gems/capybara-3.40.0/lib/capybara.rb:327:in 'Capybara.reset_sessions!'
            # /usr/local/bundle/gems/capybara-3.40.0/lib/capybara/rspec.rb:20:in 'block (2 levels) in <top (required)>'
            # ------------------
            # --- Caused by: ---
            # Selenium::WebDriver::Error::WebDriverError:
            #   #0 0x555d54671ca7 <unknown>
#1 0x555d54348c9c <unknown>
#2 0x555d54333ba9 <unknown>
#3 0x555d543338a9 <unknown>
#4 0x555d5434b9aa <unknown>
#5 0x555d543cca18 <unknown>
#6 0x555d543afce7 <unknown>
#7 0x555d543826b1 <unknown>
#8 0x555d543834c6 <unknown>
#9 0x555d5463f55a <unknown>
#10 0x555d546428ea <unknown>
#11 0x555d54642393 <unknown>
#12 0x555d54642d79 <unknown>
#13 0x555d5462fb2f <unknown>
#14 0x555d54643134 <unknown>
#15 0x555d546185aa <unknown>
#16 0x555d54662459 <unknown>
#17 0x555d54662646 <unknown>
#18 0x555d54671193 <unknown>
#19 0x7f96286a8134 <unknown>


      26.2) Failure/Error: raise ex, cause: cause

            Selenium::WebDriver::Error::WebDriverError:
              disconnected: not connected to DevTools
                (failed to check if window was closed: disconnected: not connected to DevTools)
                (Session info: chrome-headless-shell=124.0.6367.78)
            # /usr/local/bundle/gems/selenium-webdriver-4.40.0/lib/selenium/webdriver/remote/response.rb:63:in 'Selenium::WebDriver::Remote::Response#add_cause'
            # /usr/local/bundle/gems/selenium-webdriver-4.40.0/lib/selenium/webdriver/remote/response.rb:41:in 'Selenium::WebDriver::Remote::Response#error'
            # /usr/local/bundle/gems/selenium-webdriver-4.40.0/lib/selenium/webdriver/remote/response.rb:52:in 'Selenium::WebDriver::Remote::Response#assert_ok'
            # /usr/local/bundle/gems/selenium-webdriver-4.40.0/lib/selenium/webdriver/remote/response.rb:34:in 'Selenium::WebDriver::Remote::Response#initialize'
            # /usr/local/bundle/gems/selenium-webdriver-4.40.0/lib/selenium/webdriver/remote/http/common.rb:135:in 'Class#new'
            # /usr/local/bundle/gems/selenium-webdriver-4.40.0/lib/selenium/webdriver/remote/http/common.rb:135:in 'Selenium::WebDriver::Remote::Http::Common#create_response'
            # /usr/local/bundle/gems/selenium-webdriver-4.40.0/lib/selenium/webdriver/remote/http/default.rb:103:in 'Selenium::WebDriver::Remote::Http::Default#request'
            # /usr/local/bundle/gems/selenium-webdriver-4.40.0/lib/selenium/webdriver/remote/http/common.rb:70:in 'Selenium::WebDriver::Remote::Http::Common#call'
            # /usr/local/bundle/gems/selenium-webdriver-4.40.0/lib/selenium/webdriver/remote/bridge.rb:633:in 'Selenium::WebDriver::Remote::Bridge#execute'
            # /usr/local/bundle/gems/selenium-webdriver-4.40.0/lib/selenium/webdriver/remote/bridge.rb:348:in 'Selenium::WebDriver::Remote::Bridge#delete_all_cookies'
            # /usr/local/bundle/gems/selenium-webdriver-4.40.0/lib/selenium/webdriver/common/manager.rb:92:in 'Selenium::WebDriver::Manager#delete_all_cookies'
            # /usr/local/bundle/gems/capybara-3.40.0/lib/capybara/selenium/driver.rb:345:in 'Capybara::Selenium::Driver#delete_all_cookies'
            # /usr/local/bundle/gems/capybara-3.40.0/lib/capybara/selenium/driver.rb:328:in 'Capybara::Selenium::Driver#clear_browser_state'
            # /usr/local/bundle/gems/capybara-3.40.0/lib/capybara/selenium/driver.rb:485:in 'Capybara::Selenium::Driver#reset_browser_state'
            # /usr/local/bundle/gems/capybara-3.40.0/lib/capybara/selenium/driver.rb:164:in 'Capybara::Selenium::Driver#reset!'
            # /usr/local/bundle/gems/capybara-3.40.0/lib/capybara/session.rb:132:in 'Capybara::Session#reset!'
            # /usr/local/bundle/gems/capybara-3.40.0/lib/capybara.rb:327:in 'block in Capybara.reset_sessions!'
            # /usr/local/bundle/gems/capybara-3.40.0/lib/capybara.rb:327:in 'Enumerable#reverse_each'
            # /usr/local/bundle/gems/capybara-3.40.0/lib/capybara.rb:327:in 'Capybara.reset_sessions!'
            # ------------------
            # --- Caused by: ---
            # Selenium::WebDriver::Error::WebDriverError:
            #   #0 0x555d54671ca7 <unknown>
#1 0x555d54348c9c <unknown>
#2 0x555d54333ba9 <unknown>
#3 0x555d543338a9 <unknown>
#4 0x555d5434b9aa <unknown>
#5 0x555d543cca18 <unknown>
#6 0x555d543afce7 <unknown>
#7 0x555d543826b1 <unknown>
#8 0x555d543834c6 <unknown>
#9 0x555d5463f55a <unknown>
#10 0x555d546428ea <unknown>
#11 0x555d54642393 <unknown>
#12 0x555d54642d79 <unknown>
#13 0x555d5462fb2f <unknown>
#14 0x555d54643134 <unknown>
#15 0x555d546185aa <unknown>
#16 0x555d54662459 <unknown>
#17 0x555d54662646 <unknown>
#18 0x555d54671193 <unknown>
#19 0x7f96286a8134 <unknown>


  27) Users ユーザー詳細表示 正常系 ユーザー情報が表示される
      Got 0 failures and 2 other errors:

      27.1) Failure/Error: raise ex, cause: cause

            Selenium::WebDriver::Error::WebDriverError:
              disconnected: not connected to DevTools
                (failed to check if window was closed: disconnected: not connected to DevTools)
                (Session info: chrome-headless-shell=124.0.6367.78)
            # /usr/local/bundle/gems/selenium-webdriver-4.40.0/lib/selenium/webdriver/remote/response.rb:63:in 'Selenium::WebDriver::Remote::Response#add_cause'
            # /usr/local/bundle/gems/selenium-webdriver-4.40.0/lib/selenium/webdriver/remote/response.rb:41:in 'Selenium::WebDriver::Remote::Response#error'
            # /usr/local/bundle/gems/selenium-webdriver-4.40.0/lib/selenium/webdriver/remote/response.rb:52:in 'Selenium::WebDriver::Remote::Response#assert_ok'
            # /usr/local/bundle/gems/selenium-webdriver-4.40.0/lib/selenium/webdriver/remote/response.rb:34:in 'Selenium::WebDriver::Remote::Response#initialize'
            # /usr/local/bundle/gems/selenium-webdriver-4.40.0/lib/selenium/webdriver/remote/http/common.rb:135:in 'Class#new'
            # /usr/local/bundle/gems/selenium-webdriver-4.40.0/lib/selenium/webdriver/remote/http/common.rb:135:in 'Selenium::WebDriver::Remote::Http::Common#create_response'
            # /usr/local/bundle/gems/selenium-webdriver-4.40.0/lib/selenium/webdriver/remote/http/default.rb:103:in 'Selenium::WebDriver::Remote::Http::Default#request'
            # /usr/local/bundle/gems/selenium-webdriver-4.40.0/lib/selenium/webdriver/remote/http/common.rb:70:in 'Selenium::WebDriver::Remote::Http::Common#call'
            # /usr/local/bundle/gems/selenium-webdriver-4.40.0/lib/selenium/webdriver/remote/bridge.rb:633:in 'Selenium::WebDriver::Remote::Bridge#execute'
            # /usr/local/bundle/gems/selenium-webdriver-4.40.0/lib/selenium/webdriver/remote/bridge.rb:348:in 'Selenium::WebDriver::Remote::Bridge#delete_all_cookies'
            # /usr/local/bundle/gems/selenium-webdriver-4.40.0/lib/selenium/webdriver/common/manager.rb:92:in 'Selenium::WebDriver::Manager#delete_all_cookies'
            # /usr/local/bundle/gems/capybara-3.40.0/lib/capybara/selenium/driver.rb:345:in 'Capybara::Selenium::Driver#delete_all_cookies'
            # /usr/local/bundle/gems/capybara-3.40.0/lib/capybara/selenium/driver.rb:328:in 'Capybara::Selenium::Driver#clear_browser_state'
            # /usr/local/bundle/gems/capybara-3.40.0/lib/capybara/selenium/driver.rb:485:in 'Capybara::Selenium::Driver#reset_browser_state'
            # /usr/local/bundle/gems/capybara-3.40.0/lib/capybara/selenium/driver.rb:164:in 'Capybara::Selenium::Driver#reset!'
            # /usr/local/bundle/gems/capybara-3.40.0/lib/capybara/session.rb:132:in 'Capybara::Session#reset!'
            # /usr/local/bundle/gems/capybara-3.40.0/lib/capybara.rb:327:in 'block in Capybara.reset_sessions!'
            # /usr/local/bundle/gems/capybara-3.40.0/lib/capybara.rb:327:in 'Enumerable#reverse_each'
            # /usr/local/bundle/gems/capybara-3.40.0/lib/capybara.rb:327:in 'Capybara.reset_sessions!'
            # /usr/local/bundle/gems/capybara-3.40.0/lib/capybara/rspec.rb:20:in 'block (2 levels) in <top (required)>'
            # ------------------
            # --- Caused by: ---
            # Selenium::WebDriver::Error::WebDriverError:
            #   #0 0x555d54671ca7 <unknown>
#1 0x555d54348c9c <unknown>
#2 0x555d54333ba9 <unknown>
#3 0x555d543338a9 <unknown>
#4 0x555d5434b9aa <unknown>
#5 0x555d543cca18 <unknown>
#6 0x555d543afce7 <unknown>
#7 0x555d543826b1 <unknown>
#8 0x555d543834c6 <unknown>
#9 0x555d5463f55a <unknown>
#10 0x555d546428ea <unknown>
#11 0x555d54642393 <unknown>
#12 0x555d54642d79 <unknown>
#13 0x555d5462fb2f <unknown>
#14 0x555d54643134 <unknown>
#15 0x555d546185aa <unknown>
#16 0x555d54662459 <unknown>
#17 0x555d54662646 <unknown>
#18 0x555d54671193 <unknown>
#19 0x7f96286a8134 <unknown>


      27.2) Failure/Error: raise ex, cause: cause

            Selenium::WebDriver::Error::WebDriverError:
              disconnected: not connected to DevTools
                (failed to check if window was closed: disconnected: not connected to DevTools)
                (Session info: chrome-headless-shell=124.0.6367.78)
            # /usr/local/bundle/gems/selenium-webdriver-4.40.0/lib/selenium/webdriver/remote/response.rb:63:in 'Selenium::WebDriver::Remote::Response#add_cause'
            # /usr/local/bundle/gems/selenium-webdriver-4.40.0/lib/selenium/webdriver/remote/response.rb:41:in 'Selenium::WebDriver::Remote::Response#error'
            # /usr/local/bundle/gems/selenium-webdriver-4.40.0/lib/selenium/webdriver/remote/response.rb:52:in 'Selenium::WebDriver::Remote::Response#assert_ok'
            # /usr/local/bundle/gems/selenium-webdriver-4.40.0/lib/selenium/webdriver/remote/response.rb:34:in 'Selenium::WebDriver::Remote::Response#initialize'
            # /usr/local/bundle/gems/selenium-webdriver-4.40.0/lib/selenium/webdriver/remote/http/common.rb:135:in 'Class#new'
            # /usr/local/bundle/gems/selenium-webdriver-4.40.0/lib/selenium/webdriver/remote/http/common.rb:135:in 'Selenium::WebDriver::Remote::Http::Common#create_response'
            # /usr/local/bundle/gems/selenium-webdriver-4.40.0/lib/selenium/webdriver/remote/http/default.rb:103:in 'Selenium::WebDriver::Remote::Http::Default#request'
            # /usr/local/bundle/gems/selenium-webdriver-4.40.0/lib/selenium/webdriver/remote/http/common.rb:70:in 'Selenium::WebDriver::Remote::Http::Common#call'
            # /usr/local/bundle/gems/selenium-webdriver-4.40.0/lib/selenium/webdriver/remote/bridge.rb:633:in 'Selenium::WebDriver::Remote::Bridge#execute'
            # /usr/local/bundle/gems/selenium-webdriver-4.40.0/lib/selenium/webdriver/remote/bridge.rb:348:in 'Selenium::WebDriver::Remote::Bridge#delete_all_cookies'
            # /usr/local/bundle/gems/selenium-webdriver-4.40.0/lib/selenium/webdriver/common/manager.rb:92:in 'Selenium::WebDriver::Manager#delete_all_cookies'
            # /usr/local/bundle/gems/capybara-3.40.0/lib/capybara/selenium/driver.rb:345:in 'Capybara::Selenium::Driver#delete_all_cookies'
            # /usr/local/bundle/gems/capybara-3.40.0/lib/capybara/selenium/driver.rb:328:in 'Capybara::Selenium::Driver#clear_browser_state'
            # /usr/local/bundle/gems/capybara-3.40.0/lib/capybara/selenium/driver.rb:485:in 'Capybara::Selenium::Driver#reset_browser_state'
            # /usr/local/bundle/gems/capybara-3.40.0/lib/capybara/selenium/driver.rb:164:in 'Capybara::Selenium::Driver#reset!'
            # /usr/local/bundle/gems/capybara-3.40.0/lib/capybara/session.rb:132:in 'Capybara::Session#reset!'
            # /usr/local/bundle/gems/capybara-3.40.0/lib/capybara.rb:327:in 'block in Capybara.reset_sessions!'
            # /usr/local/bundle/gems/capybara-3.40.0/lib/capybara.rb:327:in 'Enumerable#reverse_each'
            # /usr/local/bundle/gems/capybara-3.40.0/lib/capybara.rb:327:in 'Capybara.reset_sessions!'
            # ------------------
            # --- Caused by: ---
            # Selenium::WebDriver::Error::WebDriverError:
            #   #0 0x555d54671ca7 <unknown>
#1 0x555d54348c9c <unknown>
#2 0x555d54333ba9 <unknown>
#3 0x555d543338a9 <unknown>
#4 0x555d5434b9aa <unknown>
#5 0x555d543cca18 <unknown>
#6 0x555d543afce7 <unknown>
#7 0x555d543826b1 <unknown>
#8 0x555d543834c6 <unknown>
#9 0x555d5463f55a <unknown>
#10 0x555d546428ea <unknown>
#11 0x555d54642393 <unknown>
#12 0x555d54642d79 <unknown>
#13 0x555d5462fb2f <unknown>
#14 0x555d54643134 <unknown>
#15 0x555d546185aa <unknown>
#16 0x555d54662459 <unknown>
#17 0x555d54662646 <unknown>
#18 0x555d54671193 <unknown>
#19 0x7f96286a8134 <unknown>


  28) Users ユーザー詳細表示 正常系 ユーザーが投稿した本の一覧が表示される
      Got 0 failures and 2 other errors:

      28.1) Failure/Error: raise ex, cause: cause

            Selenium::WebDriver::Error::WebDriverError:
              disconnected: not connected to DevTools
                (failed to check if window was closed: disconnected: not connected to DevTools)
                (Session info: chrome-headless-shell=124.0.6367.78)
            # /usr/local/bundle/gems/selenium-webdriver-4.40.0/lib/selenium/webdriver/remote/response.rb:63:in 'Selenium::WebDriver::Remote::Response#add_cause'
            # /usr/local/bundle/gems/selenium-webdriver-4.40.0/lib/selenium/webdriver/remote/response.rb:41:in 'Selenium::WebDriver::Remote::Response#error'
            # /usr/local/bundle/gems/selenium-webdriver-4.40.0/lib/selenium/webdriver/remote/response.rb:52:in 'Selenium::WebDriver::Remote::Response#assert_ok'
            # /usr/local/bundle/gems/selenium-webdriver-4.40.0/lib/selenium/webdriver/remote/response.rb:34:in 'Selenium::WebDriver::Remote::Response#initialize'
            # /usr/local/bundle/gems/selenium-webdriver-4.40.0/lib/selenium/webdriver/remote/http/common.rb:135:in 'Class#new'
            # /usr/local/bundle/gems/selenium-webdriver-4.40.0/lib/selenium/webdriver/remote/http/common.rb:135:in 'Selenium::WebDriver::Remote::Http::Common#create_response'
            # /usr/local/bundle/gems/selenium-webdriver-4.40.0/lib/selenium/webdriver/remote/http/default.rb:103:in 'Selenium::WebDriver::Remote::Http::Default#request'
            # /usr/local/bundle/gems/selenium-webdriver-4.40.0/lib/selenium/webdriver/remote/http/common.rb:70:in 'Selenium::WebDriver::Remote::Http::Common#call'
            # /usr/local/bundle/gems/selenium-webdriver-4.40.0/lib/selenium/webdriver/remote/bridge.rb:633:in 'Selenium::WebDriver::Remote::Bridge#execute'
            # /usr/local/bundle/gems/selenium-webdriver-4.40.0/lib/selenium/webdriver/remote/bridge.rb:348:in 'Selenium::WebDriver::Remote::Bridge#delete_all_cookies'
            # /usr/local/bundle/gems/selenium-webdriver-4.40.0/lib/selenium/webdriver/common/manager.rb:92:in 'Selenium::WebDriver::Manager#delete_all_cookies'
            # /usr/local/bundle/gems/capybara-3.40.0/lib/capybara/selenium/driver.rb:345:in 'Capybara::Selenium::Driver#delete_all_cookies'
            # /usr/local/bundle/gems/capybara-3.40.0/lib/capybara/selenium/driver.rb:328:in 'Capybara::Selenium::Driver#clear_browser_state'
            # /usr/local/bundle/gems/capybara-3.40.0/lib/capybara/selenium/driver.rb:485:in 'Capybara::Selenium::Driver#reset_browser_state'
            # /usr/local/bundle/gems/capybara-3.40.0/lib/capybara/selenium/driver.rb:164:in 'Capybara::Selenium::Driver#reset!'
            # /usr/local/bundle/gems/capybara-3.40.0/lib/capybara/session.rb:132:in 'Capybara::Session#reset!'
            # /usr/local/bundle/gems/capybara-3.40.0/lib/capybara.rb:327:in 'block in Capybara.reset_sessions!'
            # /usr/local/bundle/gems/capybara-3.40.0/lib/capybara.rb:327:in 'Enumerable#reverse_each'
            # /usr/local/bundle/gems/capybara-3.40.0/lib/capybara.rb:327:in 'Capybara.reset_sessions!'
            # /usr/local/bundle/gems/capybara-3.40.0/lib/capybara/rspec.rb:20:in 'block (2 levels) in <top (required)>'
            # ------------------
            # --- Caused by: ---
            # Selenium::WebDriver::Error::WebDriverError:
            #   #0 0x555d54671ca7 <unknown>
#1 0x555d54348c9c <unknown>
#2 0x555d54333ba9 <unknown>
#3 0x555d543338a9 <unknown>
#4 0x555d5434b9aa <unknown>
#5 0x555d543cca18 <unknown>
#6 0x555d543afce7 <unknown>
#7 0x555d543826b1 <unknown>
#8 0x555d543834c6 <unknown>
#9 0x555d5463f55a <unknown>
#10 0x555d546428ea <unknown>
#11 0x555d54642393 <unknown>
#12 0x555d54642d79 <unknown>
#13 0x555d5462fb2f <unknown>
#14 0x555d54643134 <unknown>
#15 0x555d546185aa <unknown>
#16 0x555d54662459 <unknown>
#17 0x555d54662646 <unknown>
#18 0x555d54671193 <unknown>
#19 0x7f96286a8134 <unknown>


      28.2) Failure/Error: raise ex, cause: cause

            Selenium::WebDriver::Error::WebDriverError:
              disconnected: not connected to DevTools
                (failed to check if window was closed: disconnected: not connected to DevTools)
                (Session info: chrome-headless-shell=124.0.6367.78)
            # /usr/local/bundle/gems/selenium-webdriver-4.40.0/lib/selenium/webdriver/remote/response.rb:63:in 'Selenium::WebDriver::Remote::Response#add_cause'
            # /usr/local/bundle/gems/selenium-webdriver-4.40.0/lib/selenium/webdriver/remote/response.rb:41:in 'Selenium::WebDriver::Remote::Response#error'
            # /usr/local/bundle/gems/selenium-webdriver-4.40.0/lib/selenium/webdriver/remote/response.rb:52:in 'Selenium::WebDriver::Remote::Response#assert_ok'
            # /usr/local/bundle/gems/selenium-webdriver-4.40.0/lib/selenium/webdriver/remote/response.rb:34:in 'Selenium::WebDriver::Remote::Response#initialize'
            # /usr/local/bundle/gems/selenium-webdriver-4.40.0/lib/selenium/webdriver/remote/http/common.rb:135:in 'Class#new'
            # /usr/local/bundle/gems/selenium-webdriver-4.40.0/lib/selenium/webdriver/remote/http/common.rb:135:in 'Selenium::WebDriver::Remote::Http::Common#create_response'
            # /usr/local/bundle/gems/selenium-webdriver-4.40.0/lib/selenium/webdriver/remote/http/default.rb:103:in 'Selenium::WebDriver::Remote::Http::Default#request'
            # /usr/local/bundle/gems/selenium-webdriver-4.40.0/lib/selenium/webdriver/remote/http/common.rb:70:in 'Selenium::WebDriver::Remote::Http::Common#call'
            # /usr/local/bundle/gems/selenium-webdriver-4.40.0/lib/selenium/webdriver/remote/bridge.rb:633:in 'Selenium::WebDriver::Remote::Bridge#execute'
            # /usr/local/bundle/gems/selenium-webdriver-4.40.0/lib/selenium/webdriver/remote/bridge.rb:348:in 'Selenium::WebDriver::Remote::Bridge#delete_all_cookies'
            # /usr/local/bundle/gems/selenium-webdriver-4.40.0/lib/selenium/webdriver/common/manager.rb:92:in 'Selenium::WebDriver::Manager#delete_all_cookies'
            # /usr/local/bundle/gems/capybara-3.40.0/lib/capybara/selenium/driver.rb:345:in 'Capybara::Selenium::Driver#delete_all_cookies'
            # /usr/local/bundle/gems/capybara-3.40.0/lib/capybara/selenium/driver.rb:328:in 'Capybara::Selenium::Driver#clear_browser_state'
            # /usr/local/bundle/gems/capybara-3.40.0/lib/capybara/selenium/driver.rb:485:in 'Capybara::Selenium::Driver#reset_browser_state'
            # /usr/local/bundle/gems/capybara-3.40.0/lib/capybara/selenium/driver.rb:164:in 'Capybara::Selenium::Driver#reset!'
            # /usr/local/bundle/gems/capybara-3.40.0/lib/capybara/session.rb:132:in 'Capybara::Session#reset!'
            # /usr/local/bundle/gems/capybara-3.40.0/lib/capybara.rb:327:in 'block in Capybara.reset_sessions!'
            # /usr/local/bundle/gems/capybara-3.40.0/lib/capybara.rb:327:in 'Enumerable#reverse_each'
            # /usr/local/bundle/gems/capybara-3.40.0/lib/capybara.rb:327:in 'Capybara.reset_sessions!'
            # ------------------
            # --- Caused by: ---
            # Selenium::WebDriver::Error::WebDriverError:
            #   #0 0x555d54671ca7 <unknown>
#1 0x555d54348c9c <unknown>
#2 0x555d54333ba9 <unknown>
#3 0x555d543338a9 <unknown>
#4 0x555d5434b9aa <unknown>
#5 0x555d543cca18 <unknown>
#6 0x555d543afce7 <unknown>
#7 0x555d543826b1 <unknown>
#8 0x555d543834c6 <unknown>
#9 0x555d5463f55a <unknown>
#10 0x555d546428ea <unknown>
#11 0x555d54642393 <unknown>
#12 0x555d54642d79 <unknown>
#13 0x555d5462fb2f <unknown>
#14 0x555d54643134 <unknown>
#15 0x555d546185aa <unknown>
#16 0x555d54662459 <unknown>
#17 0x555d54662646 <unknown>
#18 0x555d54671193 <unknown>
#19 0x7f96286a8134 <unknown>


Finished in 1 minute 9.46 seconds (files took 9.03 seconds to load)
42 examples, 28 failures

Failed examples:

rspec ./spec/system/comments_spec.rb:22 # Comments コメントのCRUD 正常系 コメントの編集ができる
rspec ./spec/system/comments_spec.rb:35 # Comments コメントのCRUD 正常系 コメントの編集をキャンセルできる
rspec ./spec/system/comments_spec.rb:48 # Comments コメントのCRUD 正常系 コメントの削除できる
rspec ./spec/system/comments_spec.rb:64 # Comments コメントのCRUD 正常系 自分が追加したコメントには歯車アイコンが表示される
rspec ./spec/system/comments_spec.rb:71 # Comments コメントのCRUD 正常系 他人が追加したコメントには歯車アイコンが表示されない
rspec ./spec/system/comments_spec.rb:80 # Comments コメントのCRUD 異常系 未入力な場合、コメントを新規追加できない
rspec ./spec/system/comments_spec.rb:90 # Comments コメントのCRUD 異常系 未入力な場合、コメントの編集ができない
rspec ./spec/system/likes_spec.rb:12 # Likes いいね機能 正常系 いいねできる
rspec ./spec/system/likes_spec.rb:25 # Likes いいね機能 正常系 いいね解除できる
rspec ./spec/system/profiles_spec.rb:10 # Profiles プロフィールの表示と編集 一般ユーザー 正常系 プロフィールが表示される
rspec ./spec/system/profiles_spec.rb:18 # Profiles プロフィールの表示と編集 一般ユーザー 正常系 プロフィールの編集ができる
rspec ./spec/system/profiles_spec.rb:34 # Profiles プロフィールの表示と編集 一般ユーザー 正常系 ユーザーが投稿した本の一覧が表示される
rspec ./spec/system/profiles_spec.rb:44 # Profiles プロフィールの表示と編集 一般ユーザー 異常系 入力が不足している場合、プロフィールの編集ができない
rspec ./spec/system/profiles_spec.rb:62 # Profiles プロフィールの表示と編集 ゲストユーザー ゲストユーザーの場合、メールアドレスが表示されない
rspec ./spec/system/relationships_spec.rb:15 # Relationships フォロー機能 正常系 フォローできる
rspec ./spec/system/relationships_spec.rb:26 # Relationships フォロー機能 正常系 フォロー解除できる
rspec ./spec/system/relationships_spec.rb:37 # Relationships フォロー機能 正常系 自分のユーザー詳細画面にフォローボタンが表示されない
rspec ./spec/system/relationships_spec.rb:42 # Relationships フォロー機能 正常系 他人のユーザー詳細画面にフォローボタンが表示される
rspec ./spec/system/relationships_spec.rb:47 # Relationships フォロー機能 正常系 フォローしているユーザが表示される
rspec ./spec/system/relationships_spec.rb:52 # Relationships フォロー機能 正常系 フォローされているユーザが表示される
rspec ./spec/system/sessions_spec.rb:8 # UserSessions ログイン 正常系 ログインができる
rspec ./spec/system/sessions_spec.rb:19 # UserSessions ログイン 異常系 入力が不足している場合、ログインできない
rspec ./spec/system/sessions_spec.rb:32 # UserSessions ログアウト 正常系 ログアウトができる
rspec ./spec/system/users_spec.rb:8 # Users ユーザー新規作成 正常系 ユーザーの新規作成ができる
rspec ./spec/system/users_spec.rb:22 # Users ユーザー新規作成 異常系 メールアドレスが未入力な場合、ユーザーの新規作成ができない
rspec ./spec/system/users_spec.rb:33 # Users ユーザー新規作成 異常系 メールアドレスが登録済な場合、ユーザーの新規作成ができない
rspec ./spec/system/users_spec.rb:52 # Users ユーザー詳細表示 正常系 ユーザー情報が表示される
rspec ./spec/system/users_spec.rb:58 # Users ユーザー詳細表示 正常系 ユーザーが投稿した本の一覧が表示される

Coverage report generated for RSpec to /myapp/coverage.
Line Coverage: 85.78% (929 / 1083)
